User: USER,Path: C:\Program Files (x86)\BMG\Omega\User\Data\,Test ID: 588,,,,,,,,,,,,,,,,,,,,,,,,,,,,,,,,,,,,,,,,,,,,,,,,,,,,,,,,,,,,,,,,,,,,,,,,,,,,,,,,,,,,,,,,,,,,,,,,,,,,,,,,,,,,,,,,,,,,,,,,,,,,,,,,,,,,,,,,,,,,,,,,,,,,,,,,,,,,,,,,,,,,,,,,,,,,,,,,,,,,,,,,,,,,,,,,,,,,,,,,,,,,,,,,,,,,,,,,,,,,,,,,,,,,,,,,,,,,,,,,,,,,,,,,,,,,,,,,,,,,,,,,,,,,,,,,,,,,,,,,,,,,,,,,,,,,,,,,,,,,,,,,,,,,,,,,,,,,,,,,,,,,,,,,,,,,,,,,,,,,,,,,,,,,,,,,,,,,,,,
Test Name: AP_MS_GFP,Date: 28/06/2022,Time: 18:14:21,,,,,,,,,,,,,,,,,,,,,,,,,,,,,,,,,,,,,,,,,,,,,,,,,,,,,,,,,,,,,,,,,,,,,,,,,,,,,,,,,,,,,,,,,,,,,,,,,,,,,,,,,,,,,,,,,,,,,,,,,,,,,,,,,,,,,,,,,,,,,,,,,,,,,,,,,,,,,,,,,,,,,,,,,,,,,,,,,,,,,,,,,,,,,,,,,,,,,,,,,,,,,,,,,,,,,,,,,,,,,,,,,,,,,,,,,,,,,,,,,,,,,,,,,,,,,,,,,,,,,,,,,,,,,,,,,,,,,,,,,,,,,,,,,,,,,,,,,,,,,,,,,,,,,,,,,,,,,,,,,,,,,,,,,,,,,,,,,,,,,,,,,,,,,,,,,,,,,,,
"Fluorescence (FI), multichromatic",,,,,,,,,,,,,,,,,,,,,,,,,,,,,,,,,,,,,,,,,,,,,,,,,,,,,,,,,,,,,,,,,,,,,,,,,,,,,,,,,,,,,,,,,,,,,,,,,,,,,,,,,,,,,,,,,,,,,,,,,,,,,,,,,,,,,,,,,,,,,,,,,,,,,,,,,,,,,,,,,,,,,,,,,,,,,,,,,,,,,,,,,,,,,,,,,,,,,,,,,,,,,,,,,,,,,,,,,,,,,,,,,,,,,,,,,,,,,,,,,,,,,,,,,,,,,,,,,,,,,,,,,,,,,,,,,,,,,,,,,,,,,,,,,,,,,,,,,,,,,,,,,,,,,,,,,,,,,,,,,,,,,,,,,,,,,,,,,,,,,,,,,,,,,,,,,,,,,,,,,
Used kinetic range(s): Range 1; ,,,,,,,,,,,,,,,,,,,,,,,,,,,,,,,,,,,,,,,,,,,,,,,,,,,,,,,,,,,,,,,,,,,,,,,,,,,,,,,,,,,,,,,,,,,,,,,,,,,,,,,,,,,,,,,,,,,,,,,,,,,,,,,,,,,,,,,,,,,,,,,,,,,,,,,,,,,,,,,,,,,,,,,,,,,,,,,,,,,,,,,,,,,,,,,,,,,,,,,,,,,,,,,,,,,,,,,,,,,,,,,,,,,,,,,,,,,,,,,,,,,,,,,,,,,,,,,,,,,,,,,,,,,,,,,,,,,,,,,,,,,,,,,,,,,,,,,,,,,,,,,,,,,,,,,,,,,,,,,,,,,,,,,,,,,,,,,,,,,,,,,,,,,,,,,,,,,,,,,,,
,,,,,,,,,,,,,,,,,,,,,,,,,,,,,,,,,,,,,,,,,,,,,,,,,,,,,,,,,,,,,,,,,,,,,,,,,,,,,,,,,,,,,,,,,,,,,,,,,,,,,,,,,,,,,,,,,,,,,,,,,,,,,,,,,,,,,,,,,,,,,,,,,,,,,,,,,,,,,,,,,,,,,,,,,,,,,,,,,,,,,,,,,,,,,,,,,,,,,,,,,,,,,,,,,,,,,,,,,,,,,,,,,,,,,,,,,,,,,,,,,,,,,,,,,,,,,,,,,,,,,,,,,,,,,,,,,,,,,,,,,,,,,,,,,,,,,,,,,,,,,,,,,,,,,,,,,,,,,,,,,,,,,,,,,,,,,,,,,,,,,,,,,,,,,,,,,,,,,,,,,
Well,Content,Raw Data (485/520 2),Raw Data (485/520 2),Raw Data (485/520 2),Raw Data (485/520 2),Raw Data (485/520 2),Raw Data (485/520 2),Raw Data (485/520 2),Raw Data (485/520 2),Raw Data (485/520 2),Raw Data (485/520 2),Raw Data (485/520 2),Raw Data (485/520 2),Raw Data (485/520 2),Raw Data (485/520 2),Raw Data (485/520 2),Raw Data (485/520 2),Raw Data (485/520 2),Raw Data (485/520 2),Raw Data (485/520 2),Raw Data (485/520 2),Raw Data (485/520 2),Raw Data (485/520 2),Raw Data (485/520 2),Raw Data (485/520 2),Raw Data (485/520 2),Raw Data (485/520 2),Raw Data (485/520 2),Raw Data (485/520 2),Raw Data (485/520 2),Raw Data (485/520 2),Raw Data (485/520 2),Raw Data (485/520 2),Raw Data (485/520 2),Raw Data (485/520 2),Raw Data (485/520 2),Raw Data (485/520 2),Raw Data (485/520 2),Raw Data (485/520 2),Raw Data (485/520 2),Raw Data (485/520 2),Raw Data (485/520 2),Raw Data (485/520 2),Raw Data (485/520 2),Raw Data (485/520 2),Raw Data (485/520 2),Raw Data (485/520 2),Raw Data (485/520 2),Raw Data (485/520 2),Raw Data (485/520 2),Raw Data (485/520 2),Raw Data (485/520 2),Raw Data (485/520 2),Raw Data (485/520 2),Raw Data (485/520 2),Raw Data (485/520 2),Raw Data (485/520 2),Raw Data (485/520 2),Raw Data (485/520 2),Raw Data (485/520 2),Raw Data (485/520 2),Raw Data (485/520 2),Raw Data (485/520 2),Raw Data (485/520 2),Raw Data (485/520 2),Raw Data (485/520 2),Raw Data (485/520 2),Raw Data (485/520 2),Raw Data (485/520 2),Raw Data (485/520 2),Raw Data (485/520 2),Raw Data (485/520 2),Raw Data (485/520 2),Raw Data (485/520 2),Raw Data (485/520 2),Raw Data (485/520 2),Raw Data (485/520 2),Raw Data (485/520 2),Raw Data (485/520 2),Raw Data (485/520 2),Raw Data (485/520 2),Raw Data (485/520 2),Raw Data (485/520 2),Raw Data (485/520 2),Raw Data (485/520 2),Raw Data (485/520 2),Raw Data (485/520 2),Raw Data (485/520 2),Raw Data (485/520 2),Raw Data (485/520 2),Raw Data (485/520 2),Raw Data (485/520 2),Raw Data (485/520 2),Raw Data (485/520 2),Raw Data (485/520 2),Raw Data (485/520 2),Raw Data (485/520 2),Raw Data (485/520 2),Raw Data (485/520 2),Raw Data (485/520 2),Raw Data (485/520 2),Raw Data (485/520 2),Raw Data (485/520 2),Raw Data (485/520 2),Raw Data (485/520 2),Raw Data (485/520 2),Raw Data (485/520 2),Raw Data (485/520 2),Raw Data (485/520 2),Raw Data (485/520 2),Raw Data (485/520 2),Raw Data (485/520 2),Raw Data (485/520 2),Raw Data (485/520 2),Raw Data (485/520 2),Raw Data (485/520 2),Raw Data (485/520 2),Raw Data (485/520 2),Raw Data (485/520 2),Raw Data (485/520 2),Raw Data (485/520 2),Raw Data (485/520 2),Raw Data (485/520 2),Raw Data (485/520 2),Raw Data (485/520 2),Raw Data (485/520 2),Raw Data (485/520 2),Raw Data (485/520 2),Raw Data (485/520 2),Raw Data (485/520 2),Raw Data (485/520 2),Raw Data (485/520 2),Raw Data (485/520 2),Raw Data (485/520 2),Raw Data (485/520 2),Raw Data (485/520 2),Raw Data (485/520 2),Raw Data (485/520 2),Raw Data (485/520 2),Raw Data (485/520 2),Raw Data (485/520 2),Raw Data (485/520 2),Raw Data (485/520 2),Raw Data (485/520 2),Raw Data (485/520 2),Raw Data (485/520 2),Raw Data (485/520 2),Raw Data (485/520 2),Raw Data (485/520 2),Raw Data (485/520 2),Raw Data (485/520 2),Raw Data (485/520 2),Raw Data (485/520 2),Raw Data (485/520 2),Raw Data (485/520 2),Raw Data (485/520 2),Raw Data (485/520 2),Raw Data (485/520 2),Raw Data (485/520 2),Raw Data (485/520 2),Raw Data (485/520 2),Raw Data (485/520 2),Raw Data (485/520 2),Raw Data (485/520 2),Raw Data (485/520 2),Raw Data (485/520 2),Raw Data (485/520 2),Raw Data (485/520 2),Raw Data (485/520 2),Raw Data (485/520 2),Raw Data (485/520 2),Raw Data (485/520 2),Raw Data (485/520 2),Raw Data (485/520 2),Raw Data (485/520 2),Raw Data (485/520 2),Raw Data (485/520 2),Raw Data (485/520 2),Raw Data (485/520 2),Raw Data (485/520 2),Raw Data (485/520 2),Raw Data (485/520 2),Raw Data (485/520 2),Raw Data (485/520 2),Raw Data (485/520 2),Raw Data (485/520 2),Raw Data (485/520 2),Raw Data (485/520 2),Raw Data (485/520 2),Raw Data (485/520 2),Raw Data (485/520 2),Raw Data (485/520 2),Raw Data (485/520 2),Raw Data (485/520 2),Raw Data (485/520 2),Raw Data (485/520 2),Raw Data (485/520 2),Raw Data (485/520 2),Raw Data (485/520 2),Raw Data (485/520 2),Raw Data (485/520 2),Raw Data (485/520 2),Raw Data (485/520 2),Raw Data (485/520 2),Raw Data (485/520 2),Raw Data (485/520 2),Raw Data (485/520 2),Raw Data (485/520 2),Raw Data (485/520 2),Raw Data (485/520 2),Raw Data (485/520 2),Raw Data (485/520 2),Raw Data (485/520 2),Raw Data (485/520 2),Raw Data (485/520 2),Raw Data (485/520 2),Raw Data (485/520 2),Raw Data (485/520 2),Raw Data (485/520 2),Raw Data (485/520 2),Raw Data (485/520 2),Raw Data (485/520 2),Raw Data (485/520 2),Raw Data (485/520 2),Raw Data (485/520 2),Raw Data (485/520 2),Raw Data (485/520 2),Raw Data (485/520 2),Raw Data (485/520 2),Raw Data (485/520 2),Raw Data (485/520 2),Raw Data (485/520 2),Raw Data (485/520 2),Raw Data (485/520 2),Raw Data (485/520 2),Raw Data (485/520 2),Raw Data (485/520 2),Raw Data (485/520 2),Raw Data (485/520 2),Raw Data (485/520 2),Raw Data (485/520 2),Raw Data (485/520 2),Raw Data (485/520 2),Raw Data (485/520 2),Raw Data (485/520 2),Raw Data (485/520 2),Raw Data (485/520 2),Raw Data (485/520 2),Raw Data (485/520 2),Raw Data (485/520 2),Raw Data (485/520 2),Raw Data (485/520 2),Raw Data (485/520 2),Raw Data (485/520 2),Raw Data (485/520 2),Raw Data (485/520 2),Raw Data (485/520 2),Raw Data (485/520 2),Raw Data (485/520 2),Raw Data (485/520 2),Raw Data (485/520 2),Raw Data (485/520 2),Raw Data (485/520 2),Raw Data (485/520 2),Raw Data (485/520 2),Raw Data (485/520 2),Raw Data (485/520 2),Raw Data (485/520 2),Raw Data (485/520 2),Raw Data (485/520 2),Raw Data (485/520 2),Raw Data (485/520 2),Raw Data (485/520 2),Raw Data (485/520 2),Raw Data (485/520 2),Raw Data (485/520 2),Raw Data (485/520 2),Raw Data (485/520 2),Raw Data (485/520 2),Raw Data (485/520 2),Raw Data (485/520 2),Raw Data (485/520 2),Raw Data (485/520 2),Raw Data (485/520 2),Raw Data (485/520 2),Raw Data (485/520 2),Raw Data (485/520 2),Raw Data (485/520 2),Raw Data (485/520 2),Raw Data (485/520 2),Raw Data (485/520 2),Raw Data (485/520 2),Raw Data (485/520 2),Raw Data (485/520 2),Raw Data (485/520 2),Raw Data (485/520 2),Raw Data (485/520 2),Raw Data (485/520 2),Raw Data (485/520 2),Raw Data (485/520 2),Raw Data (485/520 2),Raw Data (485/520 2),Raw Data (485/520 2),Raw Data (485/520 2),Raw Data (485/520 2),Raw Data (485/520 2),Raw Data (485/520 2),Raw Data (485/520 2),Raw Data (485/520 2),Raw Data (485/520 2),Raw Data (485/520 2),Raw Data (485/520 2),Raw Data (485/520 2),Raw Data (485/520 2),Raw Data (485/520 2),Raw Data (485/520 2),Raw Data (485/520 2),Raw Data (485/520 2),Raw Data (485/520 2),Raw Data (485/520 2),Raw Data (485/520 2),Raw Data (485/520 2),Raw Data (485/520 2),Raw Data (485/520 2),Raw Data (485/520 2),Raw Data (485/520 2),Raw Data (485/520 2),Raw Data (485/520 2),Raw Data (485/520 2),Raw Data (485/520 2),Raw Data (485/520 2),Raw Data (485/520 2),Raw Data (485/520 2),Raw Data (485/520 2),Raw Data (485/520 2),Raw Data (485/520 2),Raw Data (485/520 2),Raw Data (485/520 2),Raw Data (485/520 2),Raw Data (485/520 2),Raw Data (485/520 2),Raw Data (485/520 2),Raw Data (485/520 2),Raw Data (485/520 2),Raw Data (485/520 2),Raw Data (485/520 2),Raw Data (485/520 2),Raw Data (485/520 2),Raw Data (485/520 2),Raw Data (485/520 2),Raw Data (485/520 2),Raw Data (485/520 2),Raw Data (485/520 2),Raw Data (485/520 2),Raw Data (485/520 2),Raw Data (485/520 2),Raw Data (485/520 2),Raw Data (485/520 2),Raw Data (485/520 2),Raw Data (485/520 2),Raw Data (485/520 2)
,Time,0 h ,0 h 2 min,0 h 4 min,0 h 6 min,0 h 8 min,0 h 10 min,0 h 12 min,0 h 14 min,0 h 16 min,0 h 18 min,0 h 20 min,0 h 22 min,0 h 24 min,0 h 26 min,0 h 28 min,0 h 30 min,0 h 32 min,0 h 34 min,0 h 36 min,0 h 38 min,0 h 40 min,0 h 42 min,0 h 44 min,0 h 46 min,0 h 48 min,0 h 50 min,0 h 52 min,0 h 54 min,0 h 56 min,0 h 58 min,1 h ,1 h 2 min,1 h 4 min,1 h 6 min,1 h 8 min,1 h 10 min,1 h 12 min,1 h 14 min,1 h 16 min,1 h 18 min,1 h 20 min,1 h 22 min,1 h 24 min,1 h 26 min,1 h 28 min,1 h 30 min,1 h 32 min,1 h 34 min,1 h 36 min,1 h 38 min,1 h 40 min,1 h 42 min,1 h 44 min,1 h 46 min,1 h 48 min,1 h 50 min,1 h 52 min,1 h 54 min,1 h 56 min,1 h 58 min,2 h ,2 h 2 min,2 h 4 min,2 h 6 min,2 h 8 min,2 h 10 min,2 h 12 min,2 h 14 min,2 h 16 min,2 h 18 min,2 h 20 min,2 h 22 min,2 h 24 min,2 h 26 min,2 h 28 min,2 h 30 min,2 h 32 min,2 h 34 min,2 h 36 min,2 h 38 min,2 h 40 min,2 h 42 min,2 h 44 min,2 h 46 min,2 h 48 min,2 h 50 min,2 h 52 min,2 h 54 min,2 h 56 min,2 h 58 min,3 h ,3 h 2 min,3 h 4 min,3 h 6 min,3 h 8 min,3 h 10 min,3 h 12 min,3 h 14 min,3 h 16 min,3 h 18 min,3 h 20 min,3 h 22 min,3 h 24 min,3 h 26 min,3 h 28 min,3 h 30 min,3 h 32 min,3 h 34 min,3 h 36 min,3 h 38 min,3 h 40 min,3 h 42 min,3 h 44 min,3 h 46 min,3 h 48 min,3 h 50 min,3 h 52 min,3 h 54 min,3 h 56 min,3 h 58 min,4 h ,4 h 2 min,4 h 4 min,4 h 6 min,4 h 8 min,4 h 10 min,4 h 12 min,4 h 14 min,4 h 16 min,4 h 18 min,4 h 20 min,4 h 22 min,4 h 24 min,4 h 26 min,4 h 28 min,4 h 30 min,4 h 32 min,4 h 34 min,4 h 36 min,4 h 38 min,4 h 40 min,4 h 42 min,4 h 44 min,4 h 46 min,4 h 48 min,4 h 50 min,4 h 52 min,4 h 54 min,4 h 56 min,4 h 58 min,5 h ,5 h 2 min,5 h 4 min,5 h 6 min,5 h 8 min,5 h 10 min,5 h 12 min,5 h 14 min,5 h 16 min,5 h 18 min,5 h 20 min,5 h 22 min,5 h 24 min,5 h 26 min,5 h 28 min,5 h 30 min,5 h 32 min,5 h 34 min,5 h 36 min,5 h 38 min,5 h 40 min,5 h 42 min,5 h 44 min,5 h 46 min,5 h 48 min,5 h 50 min,5 h 52 min,5 h 54 min,5 h 56 min,5 h 58 min,6 h ,6 h 2 min,6 h 4 min,6 h 6 min,6 h 8 min,6 h 10 min,6 h 12 min,6 h 14 min,6 h 16 min,6 h 18 min,6 h 20 min,6 h 22 min,6 h 24 min,6 h 26 min,6 h 28 min,6 h 30 min,6 h 32 min,6 h 34 min,6 h 36 min,6 h 38 min,6 h 40 min,6 h 42 min,6 h 44 min,6 h 46 min,6 h 48 min,6 h 50 min,6 h 52 min,6 h 54 min,6 h 56 min,6 h 58 min,7 h ,7 h 2 min,7 h 4 min,7 h 6 min,7 h 8 min,7 h 10 min,7 h 12 min,7 h 14 min,7 h 16 min,7 h 18 min,7 h 20 min,7 h 22 min,7 h 24 min,7 h 26 min,7 h 28 min,7 h 30 min,7 h 32 min,7 h 34 min,7 h 36 min,7 h 38 min,7 h 40 min,7 h 42 min,7 h 44 min,7 h 46 min,7 h 48 min,7 h 50 min,7 h 52 min,7 h 54 min,7 h 56 min,7 h 58 min,8 h ,8 h 2 min,8 h 4 min,8 h 6 min,8 h 8 min,8 h 10 min,8 h 12 min,8 h 14 min,8 h 16 min,8 h 18 min,8 h 20 min,8 h 22 min,8 h 24 min,8 h 26 min,8 h 28 min,8 h 30 min,8 h 32 min,8 h 34 min,8 h 36 min,8 h 38 min,8 h 40 min,8 h 42 min,8 h 44 min,8 h 46 min,8 h 48 min,8 h 50 min,8 h 52 min,8 h 54 min,8 h 56 min,8 h 58 min,9 h ,9 h 2 min,9 h 4 min,9 h 6 min,9 h 8 min,9 h 10 min,9 h 12 min,9 h 14 min,9 h 16 min,9 h 18 min,9 h 20 min,9 h 22 min,9 h 24 min,9 h 26 min,9 h 28 min,9 h 30 min,9 h 32 min,9 h 34 min,9 h 36 min,9 h 38 min,9 h 40 min,9 h 42 min,9 h 44 min,9 h 46 min,9 h 48 min,9 h 50 min,9 h 52 min,9 h 54 min,9 h 56 min,9 h 58 min,10 h ,10 h 2 min,10 h 4 min,10 h 6 min,10 h 8 min,10 h 10 min,10 h 12 min,10 h 14 min,10 h 16 min,10 h 18 min,10 h 20 min,10 h 22 min,10 h 24 min,10 h 26 min,10 h 28 min,10 h 30 min,10 h 32 min,10 h 34 min,10 h 36 min,10 h 38 min,10 h 40 min,10 h 42 min,10 h 44 min,10 h 46 min,10 h 48 min,10 h 50 min,10 h 52 min,10 h 54 min,10 h 56 min,10 h 58 min,11 h ,11 h 2 min,11 h 4 min,11 h 6 min,11 h 8 min,11 h 10 min,11 h 12 min,11 h 14 min,11 h 16 min,11 h 18 min,11 h 20 min,11 h 22 min,11 h 24 min,11 h 26 min,11 h 28 min,11 h 30 min,11 h 32 min,11 h 34 min,11 h 36 min,11 h 38 min,11 h 40 min,11 h 42 min,11 h 44 min,11 h 46 min,11 h 48 min,11 h 50 min,11 h 52 min,11 h 54 min,11 h 56 min,11 h 58 min
B03,Sample X1,2916,2820,2858,2837,2837,2841,2832,2850,2886,2912,2936,3038,3138,3213,3346,3485,3622,3772,3867,4052,4108,4259,4391,4519,4664,4780,4956,5072,5190,5371,5494,5639,5805,5971,6177,6342,6572,6704,7001,7131,7356,7526,7800,7951,8164,8329,8446,8606,8797,9033,9225,9339,9511,9602,9834,10009,10112,10368,10423,10582,10661,10803,10850,11029,11171,11193,11335,11438,11555,11643,11808,11808,11972,12068,12186,12302,12326,12473,12461,12656,12723,12776,12783,13030,13076,13258,13230,13313,13392,13500,13638,13732,13829,13937,14026,14094,14197,14223,14297,14408,14482,14608,14631,14725,15000,15167,15171,15271,15372,15530,15635,15729,15832,15924,15962,16038,16152,16247,16334,16461,16600,16617,16859,16825,17020,17114,17214,17242,17229,17401,17470,17567,17765,17711,17890,17987,18084,18119,18286,18339,18493,18494,18449,18689,18844,18822,18948,18955,19080,19230,19326,19388,19426,19575,19575,19746,19938,19878,19911,20116,20212,20159,20360,20361,20518,20615,20635,20752,20838,20843,21065,21107,21275,21211,21258,21364,21434,21499,21696,21626,21731,21808,21955,21983,22012,22030,22220,22261,22352,22440,22438,22537,22572,22644,22773,22865,22895,23015,23097,23070,23101,23204,23183,23320,23308,23494,23542,23593,23522,23725,23795,23756,23810,23941,24050,24057,24131,24281,24203,24247,24415,24476,24378,24573,24485,24610,24715,24780,24802,24844,24918,24889,25154,25119,25245,25241,25295,25349,25382,25460,25670,25593,25682,25703,25817,25785,25994,25919,26047,26049,26159,26053,26103,26182,26188,26266,26402,26476,26317,26494,26476,26551,26549,26598,26565,26747,26835,26884,26812,26905,26999,26918,26996,27125,27051,27258,27151,27218,27272,27345,27360,27312,27460,27422,27603,27497,27583,27499,27692,27646,27744,27780,27829,27823,27875,27747,27912,27914,28032,28060,28055,27922,28038,28140,28063,28146,28245,28202,28344,28261,28341,28298,28289,28314,28422,28605,28556,28443,28559,28453,28716,28589,28768,28657,28723,28751,28867,28794,28890,28929,28863,28833,28834,29048,28958,29030,29038,29041,29112,28986,29152,29276,29036,29088,29194,29183,29269,29298,29336,29372,29297,29374,29367,29461,29454,29492,29495,29646,29504,29537
B05,Sample X2,3789,3766,3719,3699,3704,3673,3740,3701,3741,3744,3844,3968,4030,4119,4298,4364,4528,4669,4816,4974,5106,5200,5267,5499,5584,5733,5878,6014,6195,6327,6462,6622,6817,7012,7189,7358,7569,7747,7926,8107,8344,8544,8775,8957,9119,9313,9495,9683,9877,10072,10211,10386,10608,10684,10828,11038,11208,11288,11448,11598,11762,11797,11964,12149,12269,12303,12476,12602,12663,12707,12907,13000,13175,13232,13302,13437,13567,13722,13666,13778,13983,14006,14114,14304,14329,14337,14617,14662,14761,14862,14940,15083,15092,15257,15233,15435,15490,15462,15610,15781,15909,15978,16110,16127,16390,16540,16603,16627,16829,16981,17035,17052,17168,17349,17481,17519,17518,17701,17853,18038,17990,18090,18185,18334,18367,18526,18546,18705,18787,18886,18928,19102,19241,19350,19367,19431,19552,19703,19691,19784,19952,19985,20167,20155,20283,20290,20397,20572,20583,20744,20892,20913,20936,21002,21257,21278,21519,21584,21418,21574,21840,21672,21953,21778,21637,21589,21746,21882,22001,22032,22036,22150,22331,22234,22426,22559,22499,22670,22761,22709,22856,23022,22990,23189,23180,23267,23341,23320,23475,23571,23679,23685,23795,23848,23961,24011,24007,24133,24360,24393,24357,24476,24492,24566,24679,24619,24868,24876,24991,25106,25051,25173,25205,25216,25273,25336,25499,25468,25734,25671,25607,25688,25921,25929,26000,25947,26036,26133,26254,26361,26342,26390,26435,26519,26495,26682,26685,26844,26843,26891,27066,27086,27122,27248,27124,27292,27409,27277,27348,27445,27546,27474,27607,27726,27688,27745,27792,27914,27935,27953,27929,27951,28058,28132,28250,28292,28256,28222,28370,28420,28511,28513,28529,28603,28618,28635,28765,28844,28848,28873,28906,29036,28900,29059,28977,29198,29041,29143,29229,29246,29239,29314,29285,29363,29452,29325,29509,29504,29494,29563,29632,29675,29809,29668,29700,29882,29848,29817,29943,29952,29960,29960,30088,29893,29917,30122,30107,30073,30274,30191,30272,30190,30376,30319,30369,30381,30370,30430,30604,30514,30462,30646,30558,30506,30613,30708,30718,30666,30672,30786,30754,30843,30906,30813,30920,30802,30980,30896,30977,31022,30937,31102,31082,31110,31032,31182,31110,31243,31269,31189
B07,Sample X3,2996,2978,2934,2973,2925,2941,2941,2984,2980,3029,3086,3138,3274,3336,3466,3598,3721,3831,3928,4095,4228,4325,4490,4617,4699,4803,5032,5102,5285,5468,5633,5707,5938,6131,6285,6504,6613,6897,7045,7216,7451,7714,7954,8234,8365,8631,8807,8960,9219,9451,9622,9856,10036,10275,10471,10643,10885,11021,11271,11373,11603,11753,11879,12065,12225,12343,12577,12665,12854,12993,13080,13279,13379,13589,13668,13792,13882,13957,14142,14299,14317,14507,14652,14660,14929,15043,15165,15210,15398,15543,15567,15682,15877,15959,16122,16194,16315,16463,16548,16748,16837,16941,17157,17161,17338,17660,17715,17749,17857,18100,18148,18355,18378,18511,18615,18775,18906,18978,19263,19339,19476,19539,19668,19845,19935,20036,20148,20277,20319,20571,20522,20765,20823,20956,21160,21139,21240,21309,21434,21601,21669,21800,21944,22077,22104,22251,22344,22481,22568,22704,22834,22999,22975,23102,23168,23472,23449,23503,23617,23725,23866,24051,24070,24052,24282,24348,24459,24583,24741,24719,24757,24925,25138,25154,25205,25372,25492,25435,25587,25639,25816,25975,26067,26067,26153,26248,26397,26372,26566,26600,26661,26805,26906,26972,27051,27137,27202,27434,27316,27412,27494,27620,27649,27668,27939,27928,28075,28134,28098,28324,28402,28582,28501,28548,28739,28765,28843,28983,29069,29078,29205,29317,29361,29354,29526,29546,29611,29779,29792,29796,30034,29987,30131,30125,30358,30286,30355,30406,30539,30655,30828,30698,30944,30989,31057,31059,31147,31253,31241,31307,31384,31547,31554,31475,31562,31753,31816,31895,31870,31910,32009,32059,32095,32212,32232,32357,32427,32430,32455,32459,32474,32595,32662,32789,32669,32793,33024,32980,32996,33030,33068,33126,33289,33310,33371,33343,33246,33522,33388,33513,33576,33648,33598,33802,33799,33828,33814,33841,33930,33965,33880,34062,33965,34115,34125,34146,34275,34317,34317,34330,34400,34469,34472,34475,34640,34606,34679,34678,34716,34755,34846,34791,34854,34969,34943,34996,34905,35099,34985,35120,35094,35126,35209,35105,35246,35272,35412,35320,35335,35368,35459,35375,35471,35435,35521,35580,35600,35689,35645,35766,35971,35774,35884,35769,35877,35875,35756,35961,35947,35991
B09,Sample X4,2884,2865,2827,2837,2814,2842,2815,2823,2830,2817,2771,2831,2845,2875,2909,2964,3036,3090,3180,3265,3345,3470,3491,3586,3700,3796,3880,4025,4152,4252,4382,4483,4561,4705,4835,5015,5148,5194,5398,5566,5681,5873,6036,6263,6388,6597,6704,6838,7062,7236,7424,7655,7744,8017,8179,8360,8609,8806,8986,9203,9481,9481,9735,9970,10103,10307,10476,10615,10791,10970,11104,11275,11411,11499,11751,11918,11970,12079,12230,12428,12491,12667,12852,12924,13023,13221,13276,13388,13546,13668,13766,14002,14014,14230,14275,14498,14525,14654,14740,14929,15004,15134,15236,15329,15485,15639,15635,15743,15853,16000,16158,16145,16346,16383,16541,16633,16716,16801,16869,17042,17199,17215,17205,17403,17482,17587,17708,17771,17819,17957,18065,18181,18233,18255,18365,18548,18526,18578,18715,18834,18891,18957,19021,19195,19231,19300,19433,19536,19612,19652,19790,19742,19758,19951,19988,20095,20222,20348,20452,20499,20607,20587,20706,20868,20912,20936,21104,21026,21199,21344,21360,21430,21571,21458,21597,21640,21708,21867,21899,22054,22011,22166,22198,22333,22418,22432,22429,22562,22546,22711,22735,22847,22815,22954,22985,23091,23152,23194,23289,23293,23349,23425,23530,23543,23686,23750,23793,23856,23837,23973,24017,24097,24126,24197,24214,24365,24292,24393,24513,24578,24713,24640,24736,24699,24818,24905,24940,24929,25024,25107,25244,25287,25244,25416,25382,25456,25549,25540,25606,25723,25794,25884,25854,26028,26016,26099,26092,26129,26259,26231,26320,26280,26362,26481,26487,26449,26480,26572,26582,26759,26816,26766,26902,26875,26897,26907,26974,27087,27050,27180,27213,27163,27321,27268,27460,27459,27436,27549,27571,27722,27616,27787,27740,27860,27949,27864,27850,27853,27932,27949,28162,28079,28079,28226,28306,28154,28319,28255,28373,28293,28449,28538,28541,28612,28484,28675,28701,28692,28721,28863,28815,28976,28888,28881,29050,29041,29047,29128,29127,29181,29258,29268,29271,29250,29364,29301,29305,29524,29349,29479,29493,29593,29603,29569,29623,29689,29586,29706,29744,29773,29778,29734,29991,29785,29970,30098,30015,30012,30197,30119,30130,30186,30107,30281,30276,30240,30344,30365,30419,30361
B11,Sample X5,3035,3005,2952,2996,2967,2964,2969,3006,3001,3024,3056,3148,3144,3258,3354,3400,3516,3656,3718,3792,3972,4025,4130,4261,4380,4518,4622,4744,4868,4998,5163,5261,5410,5592,5672,5949,6039,6262,6422,6577,6805,7047,7186,7422,7630,7878,8056,8360,8598,8777,9057,9233,9549,9734,9954,10184,10477,10660,10950,11129,11383,11683,11769,12003,12239,12343,12586,12754,12994,13195,13256,13488,13656,13822,13903,14092,14266,14432,14477,14687,14798,15009,15162,15224,15497,15596,15638,15853,15976,16030,16159,16268,16448,16591,16570,16831,16944,16990,17219,17251,17412,17517,17572,17682,17848,18046,18058,18115,18259,18296,18470,18680,18799,18825,18893,19110,19185,19282,19329,19606,19544,19675,19763,19899,20067,20129,20239,20323,20351,20538,20567,20654,20771,20913,21017,21097,21154,21231,21392,21375,21614,21714,21721,21772,21917,21938,21989,22189,22286,22465,22467,22552,22736,22676,22858,22858,23040,23096,23175,23179,23447,23544,23610,23634,23701,23797,23890,23961,24118,24219,24224,24260,24481,24434,24534,24646,24691,24734,24898,25001,25011,25041,25208,25415,25354,25458,25564,25646,25628,25797,25948,26008,25888,26148,26248,26279,26309,26514,26491,26538,26610,26777,26745,27000,26930,26982,27015,27214,27122,27374,27424,27406,27548,27586,27511,27782,27778,27934,28044,27906,28119,28139,28312,28257,28408,28521,28494,28617,28631,28779,28784,28932,28974,29091,29138,29205,29391,29242,29531,29413,29504,29715,29752,29749,29907,29830,29962,29997,30130,30177,30306,30283,30300,30425,30340,30564,30643,30684,30673,30787,30866,30895,30950,31137,31025,31106,31214,31255,31167,31379,31501,31442,31535,31608,31707,31634,31828,31925,31975,32035,32033,32202,32207,32030,32387,32325,32368,32466,32530,32609,32517,32562,32512,32780,32766,32850,32951,32986,33189,33194,33058,33083,33361,33229,33332,33301,33448,33318,33530,33512,33560,33580,33659,33818,33858,33714,34017,33965,34108,34141,34129,34176,34090,34311,34214,34248,34357,34369,34401,34475,34517,34434,34602,34470,34548,34612,34758,34807,34755,34850,34837,34802,34858,34979,35108,35086,35130,35120,35238,35272,35236,35378,35311,35321,35264,35338,35350,35327,35477,35583
B13,Sample X6,3132,3074,3042,3014,3071,3034,3028,3066,3067,3088,3161,3180,3306,3360,3468,3602,3718,3821,3917,4059,4151,4283,4385,4537,4665,4751,4961,5044,5222,5333,5469,5614,5822,6014,6158,6367,6523,6746,6911,7088,7345,7547,7800,8054,8277,8539,8781,9028,9297,9529,9796,10052,10300,10665,10885,11163,11453,11699,11950,12244,12460,12658,12901,13154,13413,13529,13758,13988,14277,14467,14642,14820,15003,15304,15395,15576,15755,15870,16124,16225,16351,16506,16649,16844,16976,17104,17258,17475,17602,17749,17830,18071,18038,18258,18414,18592,18747,18859,18975,19069,19145,19303,19516,19568,19792,19938,19947,20129,20208,20300,20415,20492,20736,20728,21016,21098,21178,21298,21382,21529,21681,21820,21937,22054,22136,22245,22473,22512,22607,22754,22722,22950,23039,23066,23243,23366,23398,23453,23634,23795,23855,24060,24077,24253,24462,24392,24519,24693,24847,24925,25138,25046,25219,25433,25443,25692,25744,25868,26037,26048,26037,26210,26404,26348,26518,26580,26709,26768,27004,27049,27124,27221,27349,27530,27582,27739,27682,27846,27974,27974,28199,28218,28291,28341,28376,28577,28736,28782,28830,28915,29170,29216,29285,29422,29553,29504,29730,29647,29903,29876,29905,30135,30215,30321,30388,30450,30539,30667,30595,30892,30975,31036,31088,31290,31286,31367,31493,31475,31583,31775,31732,31853,32078,32044,32072,32130,32316,32510,32518,32598,32665,32892,32812,32845,32934,33104,33155,33215,33341,33546,33578,33604,33831,33918,33909,33960,34008,34209,34293,34308,34312,34441,34519,34496,34517,34715,34802,34856,35034,35044,35073,35039,35230,35317,35254,35499,35572,35627,35764,35609,35749,35799,35769,35944,36071,35983,36125,36216,36231,36363,36422,36371,36651,36640,36808,36884,36916,36981,37075,37056,37054,37152,37160,37332,37188,37389,37491,37519,37681,37575,37738,37915,37870,38021,38077,37978,38086,37989,38133,38413,38182,38290,38237,38382,38493,38673,38539,38578,38764,38787,38856,38911,38795,38945,38958,39068,39106,39102,39168,39233,39333,39323,39282,39381,39526,39472,39675,39646,39686,39640,39749,39883,39707,39913,39946,39931,39946,39978,40039,40066,40049,40236,40212,40325,40303,40471,40424,40485,40551,40440
B15,Sample X7,3004,2994,2955,2976,2993,2987,2997,3004,3020,3036,3065,3129,3178,3257,3340,3380,3471,3601,3663,3810,3874,4010,4088,4221,4311,4431,4499,4672,4743,4902,5067,5154,5291,5454,5582,5748,5897,6092,6208,6410,6539,6729,6961,7142,7371,7529,7745,7877,8073,8294,8476,8599,8813,9021,9263,9443,9540,9735,9934,10096,10271,10415,10586,10674,10824,10941,11114,11309,11310,11471,11530,11655,11857,12010,12079,12128,12317,12352,12456,12532,12632,12715,12842,13005,13023,13032,13182,13217,13309,13490,13510,13662,13683,13819,13827,13961,13980,14135,14063,14233,14371,14370,14454,14676,14722,14825,14768,14850,14985,15039,15038,15281,15218,15281,15436,15505,15587,15589,15698,15776,15809,16031,15998,16074,16089,16223,16323,16348,16420,16439,16523,16639,16634,16739,16790,16820,16905,16936,17092,16932,17088,17094,17227,17202,17339,17364,17378,17496,17581,17772,17706,17771,17863,17895,17959,17968,18043,18084,18208,18194,18406,18356,18317,18366,18432,18486,18594,18692,18648,18782,18780,18825,18865,18970,18875,19062,19047,19167,19117,19235,19268,19390,19449,19408,19424,19504,19555,19629,19709,19727,19906,19871,20044,19959,20141,20022,20152,20213,20380,20320,20299,20442,20420,20507,20544,20644,20647,20667,20764,20828,20771,20964,21010,21010,21010,21145,21186,21231,21219,21320,21297,21389,21365,21435,21432,21530,21610,21625,21699,21742,21834,21798,21910,21954,21958,22085,22040,22156,22166,22339,22333,22286,22436,22412,22465,22548,22508,22672,22639,22758,22751,22680,22714,22770,22838,22889,23015,22974,23123,23063,23118,23163,23172,23171,23244,23255,23348,23393,23565,23473,23581,23552,23616,23627,23750,23702,23676,23662,23815,23877,23800,23880,23924,23883,24077,23990,24196,24086,24218,24163,24172,24171,24307,24352,24434,24370,24444,24441,24542,24536,24623,24602,24640,24589,24699,24699,24767,24820,24845,24939,24892,24964,24839,24983,25073,25049,24982,25038,25087,25249,25247,25407,25303,25382,25315,25322,25426,25401,25439,25469,25501,25650,25543,25559,25594,25604,25653,25697,25736,25704,25837,25750,25714,25804,25930,25945,26039,25931,25941,26026,26031,26045,26039,26108,26279,26223,26167,26209,26266,26216
B17,Sample X8,2855,2840,2816,2826,2856,2852,2860,2898,2902,2914,2921,2947,2970,3023,3072,3148,3210,3271,3385,3456,3553,3615,3687,3812,3869,3962,4057,4141,4220,4363,4437,4492,4681,4827,4896,5026,5133,5283,5377,5577,5650,5867,6040,6173,6354,6438,6630,6778,6913,7115,7238,7466,7618,7765,7956,8146,8304,8419,8621,8773,8921,9114,9259,9443,9532,9673,9840,10008,10076,10216,10441,10562,10724,10804,11033,11018,11290,11271,11448,11574,11607,11806,11926,12101,12204,12313,12340,12532,12606,12729,12814,12953,13077,13176,13378,13520,13622,13696,13898,13815,14029,14098,14297,14421,14574,14598,14772,14862,14966,15145,15224,15342,15490,15536,15590,15818,15854,15996,16081,16238,16374,16488,16492,16721,16810,16893,16967,17072,17170,17404,17360,17514,17480,17646,17809,17898,18051,17937,18093,18310,18309,18421,18497,18658,18724,18803,18966,19049,19194,19190,19249,19325,19518,19441,19654,19744,19869,19912,20132,20044,20204,20322,20318,20476,20554,20611,20732,20803,20901,21022,21106,21196,21226,21270,21421,21499,21604,21615,21704,21761,21912,21947,22021,22169,22226,22284,22361,22386,22515,22682,22754,22904,22798,23053,23101,23079,23207,23181,23262,23477,23442,23599,23637,23818,23688,23987,23906,24100,24081,24318,24335,24332,24570,24618,24520,24705,24871,24937,24924,25108,25109,25221,25273,25339,25386,25525,25535,25741,25700,25816,25805,25884,25994,26105,26309,26302,26341,26404,26361,26659,26723,26824,26841,26992,26924,26974,27045,27186,27120,27161,27094,27255,27339,27713,27767,27768,27831,27917,27970,28031,28063,28135,28195,28382,28385,28559,28659,28548,28713,28695,28631,28829,28888,28896,28907,29109,29133,29127,29181,29259,29263,29513,29406,29567,29597,29685,29722,29755,29862,29827,30016,30096,30073,30117,30205,30238,30311,30443,30409,30346,30571,30716,30604,30726,30844,30834,30972,30840,30933,31000,31080,31094,31203,31294,31355,31274,31365,31439,31346,31542,31491,31698,31681,31797,31730,31777,31893,32016,31947,32056,32069,32139,32159,32273,32308,32289,32359,32387,32394,32468,32555,32583,32644,32661,32768,32710,32600,32902,32873,32788,32780,32862,33022,33077,33069,33062,33127,33169,33251,33214
B19,Sample X9,3015,2926,2904,2881,2841,2826,2782,2775,2763,2840,2816,2906,2950,3069,3160,3265,3383,3530,3632,3758,3815,3984,4101,4235,4387,4557,4732,4860,5010,5186,5348,5462,5671,5812,6030,6189,6373,6550,6686,6842,6979,7150,7311,7422,7566,7714,7873,8041,8196,8379,8490,8656,8804,8977,9078,9301,9434,9565,9649,9867,9971,10161,10260,10371,10595,10720,10816,10931,11181,11282,11462,11490,11686,11834,11938,12036,12216,12308,12382,12532,12542,12744,12817,12998,13080,13234,13378,13494,13508,13630,13714,13852,13928,13969,14096,14146,14149,14257,14323,14482,14534,14553,14656,14697,14787,14846,15012,14959,15085,15054,15136,15292,15222,15287,15404,15456,15409,15443,15518,15621,15612,15661,15627,15581,15717,15722,15772,15774,15818,15902,15902,15880,15897,15888,15947,15955,15940,15970,15955,15990,15984,16047,15996,15912,16118,16113,16086,16122,16149,16129,16103,16180,16161,16257,16125,16254,16205,16338,16345,16308,16314,16407,16348,16393,16372,16373,16469,16495,16422,16467,16553,16432,16583,16575,16551,16606,16513,16550,16608,16651,16576,16667,16729,16688,16752,16750,16725,16772,16808,16789,16903,16708,16854,16772,16789,16837,16909,16929,16896,16922,16850,16971,16981,16938,16947,16987,17102,17003,17030,17145,17065,17166,17055,17102,17079,17093,17206,17181,17217,17326,17253,17265,17240,17278,17340,17309,17310,17283,17321,17343,17366,17401,17404,17603,17502,17516,17554,17539,17536,17532,17707,17620,17692,17683,17652,17782,17750,17696,17814,17793,17784,17638,17765,17743,17754,17810,17836,17896,17774,17927,17893,17897,17936,17852,18038,18022,17997,18135,18106,17990,17941,18136,17973,18125,18047,18112,18158,18106,18042,18220,18179,18235,18369,18263,18344,18317,18374,18322,18389,18364,18405,18375,18463,18328,18414,18409,18527,18466,18566,18564,18569,18492,18631,18532,18563,18620,18634,18624,18677,18698,18674,18732,18711,18728,18855,18710,18743,18850,18696,18785,18807,18837,18817,18873,18828,18913,18876,18980,18996,18918,18919,18982,18934,19139,19061,18968,19112,19163,19182,19011,19011,19183,19280,19203,19164,19222,19180,19287,19310,19315,19260,19311,19229,19352,19342,19410,19371,19498,19503,19488
B21,Sample X10,2770,2722,2680,2645,2627,2588,2565,2597,2636,2608,2635,2720,2815,2863,2932,3022,3069,3222,3268,3388,3475,3594,3693,3811,3914,4102,4219,4336,4452,4601,4700,4876,4966,5158,5209,5441,5522,5660,5844,5903,6011,6102,6181,6409,6500,6560,6601,6784,6857,6921,7060,7175,7241,7390,7450,7547,7637,7691,7841,7948,8075,8094,8155,8251,8290,8429,8529,8573,8607,8809,8746,8827,8944,8972,9083,9099,9167,9224,9283,9262,9282,9353,9425,9418,9474,9518,9525,9566,9680,9666,9722,9720,9763,9811,9831,9805,9852,9902,9903,9895,9954,10007,9965,10015,9997,10175,10152,10279,10226,10290,10246,10341,10325,10360,10396,10458,10387,10388,10460,10446,10465,10495,10584,10594,10550,10594,10618,10650,10632,10579,10667,10705,10614,10630,10694,10680,10692,10704,10741,10716,10705,10665,10690,10779,10673,10737,10776,10781,10846,10817,10834,10795,10809,10843,10845,10818,10855,10864,10840,10800,10921,10895,10930,10946,10946,10920,10947,10950,10909,10924,10862,10915,11020,10947,10938,10945,10936,11002,11000,10992,10968,11008,10990,11056,10962,11006,10985,11055,10990,11095,11090,11054,11048,11111,11106,11079,11056,11089,11100,11143,11040,11151,11121,11212,11108,11162,11112,11177,11151,11167,11192,11136,11167,11176,11134,11196,11183,11151,11231,11194,11231,11320,11214,11231,11292,11201,11238,11250,11300,11235,11255,11346,11302,11379,11291,11349,11342,11284,11309,11344,11348,11354,11407,11375,11466,11412,11374,11329,11449,11413,11440,11455,11420,11403,11477,11440,11391,11439,11473,11442,11421,11408,11465,11449,11494,11503,11587,11518,11504,11497,11565,11514,11510,11420,11499,11477,11517,11455,11513,11469,11567,11546,11482,11594,11561,11582,11555,11588,11546,11520,11598,11577,11628,11610,11588,11634,11682,11543,11626,11599,11659,11672,11731,11650,11667,11679,11668,11718,11638,11697,11613,11706,11713,11658,11731,11724,11702,11703,11701,11713,11720,11780,11707,11722,11739,11672,11824,11726,11741,11705,11791,11823,11811,11774,11745,11781,11824,11801,11823,11774,11768,11829,11814,11881,11880,11863,11856,11925,11837,11844,11811,11775,11789,11814,11869,11835,11803,11815,11837,11847
D03,Sample X11,3012,2988,2990,3003,3004,2961,2986,2993,2978,3059,3079,3131,3224,3281,3396,3504,3613,3767,3887,3988,4075,4235,4326,4447,4594,4741,4850,4977,5097,5300,5445,5606,5783,5899,6111,6251,6418,6594,6775,7019,7174,7388,7499,7674,7853,7955,8186,8328,8417,8546,8755,8875,8948,9115,9244,9292,9437,9613,9737,9829,9899,9991,10120,10227,10285,10394,10466,10622,10644,10725,10806,10938,10990,11082,11232,11335,11371,11449,11458,11529,11635,11664,11835,11862,11989,11951,12075,12259,12209,12325,12391,12584,12663,12774,12847,12821,12903,12943,13076,13119,13195,13320,13372,13503,13702,13740,13860,13882,14100,14107,14166,14354,14436,14455,14575,14690,14691,14822,14911,14926,15120,15181,15251,15295,15393,15552,15626,15750,15720,15901,15931,15963,16044,16237,16258,16378,16506,16513,16609,16704,16725,16813,16862,16978,17047,17174,17226,17312,17442,17483,17562,17603,17763,17770,17962,17994,17962,18084,18173,18366,18280,18503,18490,18556,18667,18653,18725,18925,18898,18955,19020,19187,19247,19260,19361,19581,19511,19674,19629,19775,19899,19909,20021,20011,20052,20158,20198,20179,20362,20471,20477,20517,20602,20662,20697,20829,20851,20888,20904,21036,20976,21124,21346,21289,21296,21417,21490,21503,21614,21700,21552,21789,21776,21916,22039,21926,22047,22321,22251,22281,22287,22463,22255,22492,22493,22662,22616,22777,22679,22691,22957,22891,23014,23055,23158,23060,23212,23303,23355,23406,23344,23648,23523,23667,23679,23679,23744,23873,23892,23892,23945,23989,24151,24120,24236,24189,24217,24254,24488,24407,24358,24512,24313,24493,24639,24637,24628,24710,24753,24767,24787,24784,24867,24854,24871,24958,25060,24980,25089,25104,25137,25227,25207,25177,25295,25383,25344,25378,25512,25394,25516,25518,25602,25570,25633,25671,25664,25584,25748,25783,25792,25873,25753,25666,25810,25961,25958,26027,26035,26031,26055,26022,26223,26169,26264,26157,26155,26236,26344,26273,26381,26430,26440,26296,26439,26493,26394,26433,26496,26577,26595,26597,26660,26708,26767,26652,26741,26839,26793,26800,26764,26819,26836,26946,26892,26919,27014,26958,26935,26969,27046,27074,27190,27026,27163,26975,27199,27227,27156,27212
D05,Sample X12,2972,2975,2959,2990,2938,2978,2956,2946,2997,2995,3054,3127,3184,3238,3393,3436,3596,3700,3825,3955,4068,4249,4297,4413,4621,4671,4864,4978,5129,5283,5370,5562,5717,5865,6053,6150,6349,6503,6708,6927,7015,7246,7403,7579,7688,7764,7958,8116,8308,8388,8552,8573,8812,8905,9082,9168,9229,9397,9491,9548,9728,9822,9863,9941,10047,10167,10218,10257,10387,10462,10537,10674,10784,10872,10902,10973,10999,11169,11241,11237,11404,11427,11519,11660,11639,11717,11840,11901,12049,12101,12136,12257,12430,12375,12438,12528,12597,12665,12793,12859,12960,13008,13180,13171,13439,13485,13589,13666,13800,13722,13921,14000,14104,14210,14246,14355,14327,14434,14573,14617,14740,14819,15002,15000,15022,15189,15245,15358,15408,15570,15533,15649,15727,15872,15953,16004,16068,16112,16160,16310,16409,16443,16471,16513,16648,16884,16844,16980,17052,17065,17153,17242,17378,17439,17569,17607,17727,17827,17737,17808,17978,18087,18152,18195,18298,18288,18444,18472,18557,18712,18680,18717,18840,18965,19063,19121,19148,19136,19171,19283,19467,19518,19563,19603,19574,19728,19828,19952,19921,19955,20046,20147,20239,20239,20393,20405,20577,20489,20579,20717,20749,20758,20892,21012,20963,21227,21043,21153,21263,21282,21399,21467,21542,21653,21606,21777,21798,21799,21843,22007,21973,22117,22188,22266,22244,22312,22357,22409,22531,22501,22679,22623,22671,22854,22866,22930,23007,23058,22970,23216,23225,23268,23361,23440,23420,23430,23561,23577,23588,23682,23772,23707,23682,23864,23892,23898,24031,24147,24121,24146,24108,24249,24249,24282,24303,24321,24410,24583,24556,24529,24567,24737,24703,24692,24654,24849,24838,24778,24865,24885,24931,25076,25017,25155,25192,25302,25235,25224,25228,25355,25309,25319,25480,25517,25574,25519,25695,25581,25733,25659,25576,25701,25672,25757,25764,25991,25944,25890,25894,25902,26085,25977,25974,26066,26170,26127,26194,26135,26340,26362,26304,26321,26356,26270,26451,26466,26529,26428,26454,26551,26535,26553,26679,26669,26563,26628,26715,26701,26727,26841,26826,26973,26871,26898,26921,26904,26900,26989,26988,26977,27044,27020,27058,27102,27125,27238,27174,27239,27281,27288
D07,Sample X13,3003,2958,2977,2963,2913,2924,2953,2959,2935,2983,3006,3079,3147,3223,3312,3374,3489,3612,3735,3832,3958,4140,4250,4433,4518,4682,4795,4984,5128,5301,5438,5622,5792,5973,6186,6353,6582,6737,6994,7129,7334,7568,7728,7958,8149,8362,8553,8740,8851,9065,9233,9416,9542,9729,9910,10117,10231,10401,10513,10715,10748,10982,11056,11126,11335,11396,11571,11641,11788,11826,12029,12172,12199,12406,12467,12652,12734,12828,12866,12972,13116,13276,13330,13398,13604,13586,13829,13975,13955,14066,14202,14353,14510,14539,14623,14744,14869,14942,15085,15145,15325,15489,15595,15676,15955,15935,16107,16187,16223,16372,16558,16641,16798,16936,17020,17094,17162,17283,17482,17428,17658,17759,17813,17981,18060,18208,18409,18444,18530,18664,18718,18857,18902,19148,19273,19382,19438,19519,19549,19710,19685,19921,19979,20073,20160,20339,20547,20475,20561,20734,20842,20961,21081,21150,21386,21332,21479,21476,21702,21835,21845,21963,22024,22174,22288,22364,22504,22634,22728,22823,22907,23031,23066,23152,23198,23319,23400,23492,23592,23682,23761,23828,23977,24050,24223,24341,24378,24398,24520,24657,24776,24806,24879,24955,25074,25003,25182,25223,25405,25495,25679,25608,25740,25733,25969,25980,26189,26097,26181,26258,26404,26400,26412,26687,26642,26784,26829,26902,26926,27114,27060,27300,27310,27345,27465,27599,27560,27720,27854,27820,27843,28078,28140,28105,28268,28221,28321,28363,28485,28669,28864,28809,28859,28888,29044,29039,29035,29087,29112,29293,29485,29494,29622,29532,29676,29799,29646,29687,29859,29971,30006,30048,30093,30188,30289,30359,30381,30453,30568,30520,30596,30644,30748,30812,30877,30982,30954,30896,31158,31109,31125,31112,31285,31285,31308,31280,31490,31469,31395,31639,31671,31634,31668,31865,31885,31896,31809,31890,32035,32136,32198,32127,32114,32147,32205,32240,32303,32434,32438,32552,32532,32631,32570,32565,32617,32625,32672,32659,32660,32798,32784,32943,32898,32810,32885,32908,33061,33209,33038,33052,33132,33222,33228,33331,33406,33386,33389,33327,33520,33401,33550,33436,33467,33549,33538,33563,33596,33679,33542,33620,33704,33772,33865,33778,33823,33695,33802,33835,33861,33918
D09,Sample X14,2951,2931,2896,2922,2885,2913,2881,2872,2904,2937,2943,3004,3077,3186,3230,3333,3419,3486,3640,3742,3892,4008,4141,4299,4396,4557,4710,4859,4990,5174,5300,5470,5643,5863,5989,6214,6384,6665,6823,7032,7281,7535,7700,7860,8184,8422,8622,8856,9000,9255,9445,9608,9825,10038,10175,10411,10575,10746,10906,11091,11227,11408,11574,11609,11866,11853,12091,12223,12332,12469,12583,12699,12909,13078,13220,13266,13309,13474,13607,13656,13778,13883,14055,14112,14290,14357,14491,14622,14827,14842,14958,15024,15182,15315,15401,15524,15574,15693,15820,15886,16138,16238,16407,16444,16700,16715,16870,16978,17095,17128,17280,17288,17448,17586,17727,17842,17886,17986,18100,18173,18297,18294,18471,18576,18747,18801,18971,19078,19257,19311,19326,19458,19485,19632,19771,19828,19932,20048,20223,20190,20328,20361,20562,20581,20810,20871,20896,20956,21283,21373,21372,21452,21578,21513,21699,21782,21883,21979,22180,22048,22282,22377,22414,22568,22701,22800,22884,22914,23124,23168,23228,23321,23526,23513,23558,23661,23675,23830,23950,23963,24120,24233,24271,24429,24485,24518,24627,24711,24771,24897,25034,25069,25330,25348,25374,25469,25481,25641,25664,25816,25867,25863,26103,26042,26102,26236,26367,26391,26518,26504,26652,26580,26764,26950,26861,27034,27107,27112,27304,27288,27438,27444,27697,27658,27685,27850,27837,27922,28014,28146,28166,28124,28259,28469,28485,28738,28606,28674,28645,28831,28998,28967,28997,29060,29306,29423,29265,29423,29433,29575,29653,29616,29714,29805,29822,29837,29992,30074,30037,30022,30152,30248,30379,30362,30425,30432,30495,30600,30698,30522,30628,30703,30797,30865,30921,30808,30910,30990,31045,31153,31278,31128,31261,31319,31376,31431,31436,31472,31453,31658,31622,31759,31638,31686,31752,31757,31889,31948,32005,31914,31934,31893,32113,32107,32102,32256,32286,32324,32312,32303,32240,32214,32325,32467,32415,32529,32593,32634,32518,32478,32739,32673,32715,32765,32749,32691,32893,32816,32864,32943,32794,32882,33001,32997,33053,33180,33159,33166,33230,33105,33190,33207,33252,33235,33243,33270,33320,33267,33376,33260,33427,33321,33417,33452,33468,33477,33459,33580,33746,33591
D11,Sample X15,2975,2930,2948,2922,2882,2882,2918,2926,2911,2917,2901,2990,3006,3056,3079,3148,3256,3333,3403,3523,3585,3739,3798,3880,4000,4150,4251,4371,4532,4618,4774,4880,5023,5208,5366,5490,5694,5782,6048,6187,6368,6612,6751,6996,7202,7376,7631,7811,8032,8297,8526,8793,8925,9227,9405,9646,9843,10046,10344,10513,10761,10896,11160,11351,11542,11721,11789,12079,12217,12409,12547,12765,12902,13133,13303,13359,13497,13652,13799,14104,14161,14229,14366,14477,14594,14701,14966,15103,15162,15295,15430,15516,15768,15799,15909,16076,16184,16277,16462,16521,16651,16767,16897,17065,17268,17328,17493,17589,17652,17791,17829,17938,17992,18017,18149,18358,18403,18514,18605,18718,18906,18941,18939,19118,19224,19358,19558,19605,19640,19711,19862,20011,20058,20198,20224,20324,20377,20635,20582,20689,20874,20905,20934,21078,21090,21301,21442,21519,21630,21711,21758,21899,21989,22065,22166,22245,22336,22315,22445,22579,22736,22752,22949,22912,23112,23076,23317,23357,23549,23497,23593,23747,23886,24031,23924,23970,24163,24258,24272,24401,24426,24612,24686,24691,24748,24862,25090,25074,25154,25219,25296,25504,25535,25611,25737,25727,25736,25932,25995,26046,26114,26289,26216,26412,26564,26518,26646,26784,26728,26934,27006,26922,27129,27215,27307,27413,27566,27429,27653,27695,27652,27840,27888,27980,28067,28069,28120,28267,28260,28538,28422,28544,28742,28744,28796,28863,28848,28983,29066,29100,29159,29425,29438,29465,29664,29641,29613,29825,29784,29854,29957,29931,30105,30051,30151,30322,30346,30468,30492,30558,30638,30636,30738,30715,30779,30781,30940,31099,31038,31154,31175,31190,31226,31315,31269,31480,31514,31434,31519,31753,31765,31809,31899,31906,31990,32006,32000,32213,32262,32028,32135,32293,32377,32548,32358,32407,32556,32615,32697,32606,32547,32692,32708,32860,32884,32812,33027,32869,33080,33137,33121,33093,33160,33202,33211,33342,33417,33393,33536,33368,33587,33550,33517,33794,33726,33757,33605,33741,33786,33877,33814,33902,34049,34008,34023,34054,34044,34106,34083,34282,34120,34385,34239,34413,34255,34457,34263,34507,34435,34470,34420,34549,34604,34491,34554,34566,34658,34808,34744,34783
D13,Sample X16,3048,3041,3003,3037,3020,3000,2999,3002,3011,3030,3077,3074,3174,3257,3333,3395,3526,3644,3705,3840,4006,4124,4249,4481,4591,4731,4939,5028,5222,5446,5577,5798,6009,6256,6401,6624,6859,7134,7371,7624,7902,8095,8456,8691,8981,9304,9539,9930,10137,10346,10740,10965,11180,11480,11776,12124,12308,12597,12829,13156,13278,13505,13743,14007,14296,14394,14623,14786,15027,15174,15393,15537,15793,15957,16106,16284,16513,16655,16847,16990,17056,17303,17484,17582,17780,17989,18092,18271,18297,18511,18717,18916,19071,19195,19393,19506,19656,19739,19938,20109,20278,20374,20585,20698,20797,21123,21224,21324,21413,21718,21711,21896,22070,22139,22211,22435,22513,22573,22845,22877,23019,23250,23275,23499,23503,23698,23895,23996,24240,24335,24437,24407,24711,24804,25026,25160,25166,25163,25334,25483,25625,25696,25905,26074,26096,26265,26326,26539,26526,26769,26805,26949,27172,27387,27448,27528,27580,27833,27922,28007,28226,28274,28394,28462,28630,28732,28868,29000,29092,29089,29274,29465,29490,29630,29651,29917,29986,30122,30281,30382,30467,30564,30702,30701,30808,31059,31088,31272,31307,31421,31562,31592,31669,31783,31945,32072,32168,32343,32427,32425,32562,32705,32775,33069,33107,33174,33213,33412,33469,33625,33759,33902,33904,34000,34154,34253,34285,34345,34514,34621,34669,34963,34870,34994,35065,35100,35339,35476,35587,35596,35682,35879,35973,35906,36198,36254,36517,36398,36474,36686,36876,36922,37007,37106,37069,37412,37254,37391,37588,37733,37741,37729,37861,37938,38021,37988,38192,38328,38453,38351,38441,38543,38653,38531,38856,38871,38925,39055,39242,39332,39098,39364,39424,39421,39452,39659,39674,39832,39734,39613,39846,40084,40189,40014,40270,40322,40504,40430,40486,40434,40487,40450,40684,40679,40589,40600,40747,40954,41006,40982,40972,41098,41036,41114,41337,41261,41533,41366,41475,41439,41529,41444,41550,41513,41643,41788,41675,41992,42015,41833,42136,42017,41936,42126,42100,42245,42064,42315,42295,42388,42319,42560,42499,42438,42453,42426,42677,42374,42598,42716,42710,42852,42923,42887,43001,42943,42911,43001,42841,42760,42925,42973,43085,43052,43156,43183,43181,43225,43083,43315
D15,Sample X17,2951,2943,2899,2910,2852,2882,2914,2872,2897,2913,2920,2975,3004,3093,3150,3234,3323,3407,3497,3616,3720,3814,4005,4109,4265,4392,4520,4677,4813,5008,5121,5319,5496,5651,5864,6023,6252,6459,6637,6866,7070,7279,7494,7734,8008,8158,8439,8664,8914,9060,9350,9531,9686,9929,10178,10440,10530,10779,10957,11172,11431,11516,11653,11860,12109,12256,12387,12570,12720,12790,12990,13213,13306,13456,13636,13709,13877,14017,14164,14290,14500,14653,14782,14872,15065,15239,15249,15444,15621,15698,15911,16058,16126,16299,16414,16567,16630,16863,17070,17082,17281,17462,17588,17684,18010,18062,18203,18214,18360,18585,18629,18779,18976,19076,19156,19199,19386,19432,19687,19788,19861,20068,20200,20363,20434,20587,20783,20846,20942,21096,21219,21280,21394,21393,21570,21804,21818,22017,22003,22084,22277,22434,22528,22690,22713,22879,23104,23144,23262,23284,23494,23573,23730,23953,24086,24077,24174,24253,24397,24442,24647,24788,24905,25006,25031,25105,25380,25496,25541,25547,25840,25870,25947,26318,26167,26376,26422,26573,26624,26642,26805,26946,27074,27154,27099,27390,27417,27527,27649,27784,27879,28033,28239,28126,28356,28343,28465,28645,28541,28784,28961,28952,29016,29185,29286,29419,29588,29467,29769,29881,29930,30032,30118,30291,30291,30418,30651,30557,30778,30869,30966,31118,31124,31246,31485,31418,31486,31665,31712,31956,31893,31971,32094,32264,32395,32563,32458,32694,32794,32965,32966,33172,33337,33291,33579,33460,33549,33649,33744,33872,33985,33964,34073,34001,34210,34307,34353,34460,34456,34501,34635,34694,34740,34779,34927,34914,34993,35050,35213,35152,35110,35345,35355,35375,35511,35582,35667,35646,35694,35689,35806,35906,35979,35889,36165,36217,36108,36264,36137,36372,36467,36265,36412,36437,36414,36462,36585,36732,36796,36664,36601,36822,36790,37017,36918,37072,37031,37144,37088,37058,37121,37296,37405,37228,37163,37290,37439,37397,37419,37635,37497,37599,37485,37556,37665,37646,37807,37782,37943,37693,37912,37876,37910,37985,37910,38061,38037,38030,38154,38096,37998,38096,38109,38200,38222,38239,38500,38232,38299,38443,38568,38490,38506,38637,38465,38513,38456,38596,38441,38717
D17,Sample X18,3082,3101,3078,3078,3079,3075,3044,3097,3073,3096,3122,3139,3195,3229,3248,3352,3448,3491,3587,3674,3760,3929,4029,4098,4227,4317,4502,4610,4761,4829,4992,5174,5272,5470,5595,5778,5894,6062,6290,6481,6650,6800,7045,7209,7394,7573,7768,7967,8195,8316,8520,8734,8885,9057,9185,9404,9608,9764,9884,10093,10182,10406,10485,10666,10784,10924,11055,11263,11337,11512,11679,11769,11847,12101,12183,12254,12429,12514,12693,12821,12910,13133,13172,13351,13521,13621,13795,13914,14045,14222,14321,14475,14530,14719,14870,14990,15092,15265,15430,15563,15692,15869,16019,16100,16433,16541,16604,16728,16874,17005,17163,17194,17422,17525,17606,17777,17939,18040,18167,18377,18384,18550,18642,18826,18963,19115,19184,19252,19443,19600,19649,19739,19923,20038,20234,20332,20494,20577,20652,20697,20867,21064,21015,21352,21328,21479,21643,21613,21827,22069,22168,22321,22379,22471,22653,22727,22820,22907,23121,23136,23375,23464,23480,23681,23639,23865,24101,24205,24174,24326,24424,24527,24697,24733,24854,25164,25162,25216,25342,25372,25612,25723,25783,25824,25850,26110,26308,26364,26450,26570,26680,26788,26977,27144,27048,27353,27494,27506,27570,27677,27744,27866,28069,28159,28241,28183,28432,28516,28603,28732,28837,28958,29060,29330,29262,29553,29449,29675,29824,29938,30023,30130,30072,30286,30395,30459,30603,30640,30759,30861,30969,31073,31222,31317,31537,31558,31504,31570,31844,31804,31942,32097,32361,32243,32413,32417,32420,32622,32623,32784,32814,32859,32885,33146,33145,33206,33218,33318,33461,33520,33561,33564,33772,33698,33728,33857,34029,34032,34093,34221,34259,34173,34410,34288,34441,34612,34530,34594,34619,34800,34737,34777,35037,34872,35042,35316,35014,35199,35044,35314,35338,35390,35337,35415,35548,35550,35593,35562,35881,35619,35799,35812,35890,35866,35904,35859,36060,35888,36078,36034,36107,36194,36113,36325,36258,36255,36568,36430,36387,36477,36477,36386,36545,36475,36659,36789,36742,36819,36764,36816,36813,36737,36940,37067,36998,37110,36963,37103,37117,37164,37121,37262,37167,37258,37288,37336,37303,37326,37199,37366,37535,37488,37395,37424,37415,37491,37380,37537,37634,37650
D19,Sample X19,3212,3170,3094,3097,3103,3051,3052,3024,3017,2945,2961,2964,2973,2971,3031,3002,3091,3133,3158,3283,3330,3449,3507,3563,3643,3738,3751,3894,3985,4082,4160,4258,4371,4486,4597,4723,4821,4911,5060,5190,5306,5410,5555,5671,5800,5926,6062,6133,6280,6388,6576,6729,6812,6905,7048,7191,7307,7398,7511,7661,7809,7879,7971,8066,8218,8351,8426,8487,8620,8771,8924,8889,9017,9192,9220,9354,9521,9538,9619,9746,9864,9967,9996,10186,10251,10369,10464,10584,10646,10773,10925,11014,11094,11155,11211,11387,11437,11604,11685,11737,11829,11990,12084,12173,12283,12496,12511,12654,12765,12840,12993,13052,13043,13307,13376,13460,13542,13663,13788,13883,13936,14137,14204,14325,14388,14483,14590,14680,14808,14864,14953,15015,15150,15188,15259,15339,15486,15511,15703,15808,15806,15969,15944,16074,16203,16194,16340,16429,16462,16672,16633,16733,16822,16893,16928,17017,17053,17183,17200,17278,17398,17517,17656,17607,17750,17768,17830,17982,18038,18156,18176,18273,18146,18379,18327,18461,18586,18676,18646,18692,18861,18847,18879,18959,19019,19096,19141,19221,19358,19323,19369,19460,19468,19549,19680,19682,19766,19714,19822,19830,19864,20011,19954,20007,20051,20073,20154,20251,20360,20371,20330,20433,20435,20451,20464,20495,20541,20635,20578,20678,20635,20864,20711,20822,20878,20826,20824,20915,20860,20944,21018,21005,21065,21192,21206,21218,21130,21165,21293,21266,21222,21307,21317,21342,21359,21434,21371,21367,21470,21566,21509,21471,21487,21607,21599,21628,21511,21585,21523,21599,21604,21641,21649,21674,21668,21696,21717,21772,21586,21687,21779,21797,21772,21726,21875,21747,21796,21798,21807,21812,21830,21845,21748,21807,22018,21859,21891,21859,21872,21938,21986,22090,21919,21913,21878,21908,21920,22018,22015,21892,21884,21966,21967,22003,22052,21987,21893,21934,22018,22006,22094,22010,21982,22114,22102,22022,22130,22245,22040,22036,22013,22066,22059,22100,22125,22175,22050,22225,22094,22228,22073,22113,22203,22193,22051,22072,22207,22209,22210,22162,22246,22232,22129,22180,22245,22262,22333,22298,22187,22318,22117,22181,22291,22283,22145,22207,22282,22267,22282,22241
D21,Sample X20,3063,3064,3044,3016,2998,2960,2949,2899,2943,2924,2890,2931,2998,2987,3085,3155,3196,3298,3405,3475,3564,3620,3695,3807,3927,4005,4082,4143,4260,4415,4498,4568,4666,4807,4938,4965,5142,5267,5336,5486,5518,5706,5735,5910,5948,6101,6103,6194,6279,6363,6471,6570,6638,6679,6806,6929,6961,7039,7100,7191,7285,7301,7424,7481,7599,7688,7686,7839,7873,7952,8008,8142,8193,8346,8436,8507,8520,8584,8741,8788,8986,8984,9138,9144,9233,9341,9434,9558,9589,9675,9798,9876,10008,10033,10121,10251,10334,10336,10441,10500,10601,10676,10742,10828,10918,11052,11199,11237,11289,11400,11456,11529,11623,11683,11854,11930,12081,12076,12159,12314,12317,12346,12513,12577,12601,12784,12835,12843,12924,12995,12988,13127,13164,13263,13297,13403,13384,13513,13530,13529,13593,13749,13709,13794,13866,13812,13852,14041,13967,13998,14096,14175,14138,14256,14291,14216,14309,14398,14478,14414,14440,14484,14547,14576,14687,14534,14653,14638,14711,14685,14769,14740,14741,14634,14818,14834,14776,14893,14887,14868,14929,14883,14966,14857,14922,14927,14992,14971,15041,15026,15026,15083,15083,15120,15220,15065,15105,15137,15093,15156,15153,15198,15241,15235,15276,15220,15204,15380,15311,15347,15256,15324,15346,15328,15312,15351,15323,15363,15485,15432,15471,15420,15470,15455,15409,15456,15507,15495,15567,15636,15603,15515,15549,15699,15669,15624,15672,15694,15765,15786,15788,15787,15817,15770,15840,15770,15785,15800,15874,15822,15933,15919,15918,15916,15909,15937,15951,15867,15922,16028,16024,16011,15953,15936,15993,15977,16075,16093,16069,16087,16091,16113,16169,16124,16129,16170,16215,16243,16221,16188,16282,16179,16278,16241,16310,16184,16401,16354,16353,16416,16387,16362,16413,16370,16446,16344,16400,16449,16452,16405,16382,16457,16526,16508,16463,16438,16467,16511,16558,16493,16523,16555,16541,16603,16543,16625,16529,16655,16595,16660,16704,16702,16586,16707,16727,16687,16735,16799,16788,16830,16794,16818,16721,16800,16812,16778,16772,16851,16850,16917,16890,16926,16994,16996,17057,17005,17013,16913,17102,17061,17009,17077,16909,17082,17065,17040,17088,17138,17185,17041
,,,,,,,,,,,,,,,,,,,,,,,,,,,,,,,,,,,,,,,,,,,,,,,,,,,,,,,,,,,,,,,,,,,,,,,,,,,,,,,,,,,,,,,,,,,,,,,,,,,,,,,,,,,,,,,,,,,,,,,,,,,,,,,,,,,,,,,,,,,,,,,,,,,,,,,,,,,,,,,,,,,,,,,,,,,,,,,,,,,,,,,,,,,,,,,,,,,,,,,,,,,,,,,,,,,,,,,,,,,,,,,,,,,,,,,,,,,,,,,,,,,,,,,,,,,,,,,,,,,,,,,,,,,,,,,,,,,,,,,,,,,,,,,,,,,,,,,,,,,,,,,,,,,,,,,,,,,,,,,,,,,,,,,,,,,,,,,,,,,,,,,,,,,,,,,,,,,,,,,,,
,,,,,,,,,,,,,,,,,,,,,,,,,,,,,,,,,,,,,,,,,,,,,,,,,,,,,,,,,,,,,,,,,,,,,,,,,,,,,,,,,,,,,,,,,,,,,,,,,,,,,,,,,,,,,,,,,,,,,,,,,,,,,,,,,,,,,,,,,,,,,,,,,,,,,,,,,,,,,,,,,,,,,,,,,,,,,,,,,,,,,,,,,,,,,,,,,,,,,,,,,,,,,,,,,,,,,,,,,,,,,,,,,,,,,,,,,,,,,,,,,,,,,,,,,,,,,,,,,,,,,,,,,,,,,,,,,,,,,,,,,,,,,,,,,,,,,,,,,,,,,,,,,,,,,,,,,,,,,,,,,,,,,,,,,,,,,,,,,,,,,,,,,,,,,,,,,,,,,,,,,
,,,,,,,,,,,,,,,,,,,,,,,,,,,,,,,,,,,,,,,,,,,,,,,,,,,,,,,,,,,,,,,,,,,,,,,,,,,,,,,,,,,,,,,,,,,,,,,,,,,,,,,,,,,,,,,,,,,,,,,,,,,,,,,,,,,,,,,,,,,,,,,,,,,,,,,,,,,,,,,,,,,,,,,,,,,,,,,,,,,,,,,,,,,,,,,,,,,,,,,,,,,,,,,,,,,,,,,,,,,,,,,,,,,,,,,,,,,,,,,,,,,,,,,,,,,,,,,,,,,,,,,,,,,,,,,,,,,,,,,,,,,,,,,,,,,,,,,,,,,,,,,,,,,,,,,,,,,,,,,,,,,,,,,,,,,,,,,,,,,,,,,,,,,,,,,,,,,,,,,,,
Well,Content,Raw Data (485/520 1),Raw Data (485/520 1),Raw Data (485/520 1),Raw Data (485/520 1),Raw Data (485/520 1),Raw Data (485/520 1),Raw Data (485/520 1),Raw Data (485/520 1),Raw Data (485/520 1),Raw Data (485/520 1),Raw Data (485/520 1),Raw Data (485/520 1),Raw Data (485/520 1),Raw Data (485/520 1),Raw Data (485/520 1),Raw Data (485/520 1),Raw Data (485/520 1),Raw Data (485/520 1),Raw Data (485/520 1),Raw Data (485/520 1),Raw Data (485/520 1),Raw Data (485/520 1),Raw Data (485/520 1),Raw Data (485/520 1),Raw Data (485/520 1),Raw Data (485/520 1),Raw Data (485/520 1),Raw Data (485/520 1),Raw Data (485/520 1),Raw Data (485/520 1),Raw Data (485/520 1),Raw Data (485/520 1),Raw Data (485/520 1),Raw Data (485/520 1),Raw Data (485/520 1),Raw Data (485/520 1),Raw Data (485/520 1),Raw Data (485/520 1),Raw Data (485/520 1),Raw Data (485/520 1),Raw Data (485/520 1),Raw Data (485/520 1),Raw Data (485/520 1),Raw Data (485/520 1),Raw Data (485/520 1),Raw Data (485/520 1),Raw Data (485/520 1),Raw Data (485/520 1),Raw Data (485/520 1),Raw Data (485/520 1),Raw Data (485/520 1),Raw Data (485/520 1),Raw Data (485/520 1),Raw Data (485/520 1),Raw Data (485/520 1),Raw Data (485/520 1),Raw Data (485/520 1),Raw Data (485/520 1),Raw Data (485/520 1),Raw Data (485/520 1),Raw Data (485/520 1),Raw Data (485/520 1),Raw Data (485/520 1),Raw Data (485/520 1),Raw Data (485/520 1),Raw Data (485/520 1),Raw Data (485/520 1),Raw Data (485/520 1),Raw Data (485/520 1),Raw Data (485/520 1),Raw Data (485/520 1),Raw Data (485/520 1),Raw Data (485/520 1),Raw Data (485/520 1),Raw Data (485/520 1),Raw Data (485/520 1),Raw Data (485/520 1),Raw Data (485/520 1),Raw Data (485/520 1),Raw Data (485/520 1),Raw Data (485/520 1),Raw Data (485/520 1),Raw Data (485/520 1),Raw Data (485/520 1),Raw Data (485/520 1),Raw Data (485/520 1),Raw Data (485/520 1),Raw Data (485/520 1),Raw Data (485/520 1),Raw Data (485/520 1),Raw Data (485/520 1),Raw Data (485/520 1),Raw Data (485/520 1),Raw Data (485/520 1),Raw Data (485/520 1),Raw Data (485/520 1),Raw Data (485/520 1),Raw Data (485/520 1),Raw Data (485/520 1),Raw Data (485/520 1),Raw Data (485/520 1),Raw Data (485/520 1),Raw Data (485/520 1),Raw Data (485/520 1),Raw Data (485/520 1),Raw Data (485/520 1),Raw Data (485/520 1),Raw Data (485/520 1),Raw Data (485/520 1),Raw Data (485/520 1),Raw Data (485/520 1),Raw Data (485/520 1),Raw Data (485/520 1),Raw Data (485/520 1),Raw Data (485/520 1),Raw Data (485/520 1),Raw Data (485/520 1),Raw Data (485/520 1),Raw Data (485/520 1),Raw Data (485/520 1),Raw Data (485/520 1),Raw Data (485/520 1),Raw Data (485/520 1),Raw Data (485/520 1),Raw Data (485/520 1),Raw Data (485/520 1),Raw Data (485/520 1),Raw Data (485/520 1),Raw Data (485/520 1),Raw Data (485/520 1),Raw Data (485/520 1),Raw Data (485/520 1),Raw Data (485/520 1),Raw Data (485/520 1),Raw Data (485/520 1),Raw Data (485/520 1),Raw Data (485/520 1),Raw Data (485/520 1),Raw Data (485/520 1),Raw Data (485/520 1),Raw Data (485/520 1),Raw Data (485/520 1),Raw Data (485/520 1),Raw Data (485/520 1),Raw Data (485/520 1),Raw Data (485/520 1),Raw Data (485/520 1),Raw Data (485/520 1),Raw Data (485/520 1),Raw Data (485/520 1),Raw Data (485/520 1),Raw Data (485/520 1),Raw Data (485/520 1),Raw Data (485/520 1),Raw Data (485/520 1),Raw Data (485/520 1),Raw Data (485/520 1),Raw Data (485/520 1),Raw Data (485/520 1),Raw Data (485/520 1),Raw Data (485/520 1),Raw Data (485/520 1),Raw Data (485/520 1),Raw Data (485/520 1),Raw Data (485/520 1),Raw Data (485/520 1),Raw Data (485/520 1),Raw Data (485/520 1),Raw Data (485/520 1),Raw Data (485/520 1),Raw Data (485/520 1),Raw Data (485/520 1),Raw Data (485/520 1),Raw Data (485/520 1),Raw Data (485/520 1),Raw Data (485/520 1),Raw Data (485/520 1),Raw Data (485/520 1),Raw Data (485/520 1),Raw Data (485/520 1),Raw Data (485/520 1),Raw Data (485/520 1),Raw Data (485/520 1),Raw Data (485/520 1),Raw Data (485/520 1),Raw Data (485/520 1),Raw Data (485/520 1),Raw Data (485/520 1),Raw Data (485/520 1),Raw Data (485/520 1),Raw Data (485/520 1),Raw Data (485/520 1),Raw Data (485/520 1),Raw Data (485/520 1),Raw Data (485/520 1),Raw Data (485/520 1),Raw Data (485/520 1),Raw Data (485/520 1),Raw Data (485/520 1),Raw Data (485/520 1),Raw Data (485/520 1),Raw Data (485/520 1),Raw Data (485/520 1),Raw Data (485/520 1),Raw Data (485/520 1),Raw Data (485/520 1),Raw Data (485/520 1),Raw Data (485/520 1),Raw Data (485/520 1),Raw Data (485/520 1),Raw Data (485/520 1),Raw Data (485/520 1),Raw Data (485/520 1),Raw Data (485/520 1),Raw Data (485/520 1),Raw Data (485/520 1),Raw Data (485/520 1),Raw Data (485/520 1),Raw Data (485/520 1),Raw Data (485/520 1),Raw Data (485/520 1),Raw Data (485/520 1),Raw Data (485/520 1),Raw Data (485/520 1),Raw Data (485/520 1),Raw Data (485/520 1),Raw Data (485/520 1),Raw Data (485/520 1),Raw Data (485/520 1),Raw Data (485/520 1),Raw Data (485/520 1),Raw Data (485/520 1),Raw Data (485/520 1),Raw Data (485/520 1),Raw Data (485/520 1),Raw Data (485/520 1),Raw Data (485/520 1),Raw Data (485/520 1),Raw Data (485/520 1),Raw Data (485/520 1),Raw Data (485/520 1),Raw Data (485/520 1),Raw Data (485/520 1),Raw Data (485/520 1),Raw Data (485/520 1),Raw Data (485/520 1),Raw Data (485/520 1),Raw Data (485/520 1),Raw Data (485/520 1),Raw Data (485/520 1),Raw Data (485/520 1),Raw Data (485/520 1),Raw Data (485/520 1),Raw Data (485/520 1),Raw Data (485/520 1),Raw Data (485/520 1),Raw Data (485/520 1),Raw Data (485/520 1),Raw Data (485/520 1),Raw Data (485/520 1),Raw Data (485/520 1),Raw Data (485/520 1),Raw Data (485/520 1),Raw Data (485/520 1),Raw Data (485/520 1),Raw Data (485/520 1),Raw Data (485/520 1),Raw Data (485/520 1),Raw Data (485/520 1),Raw Data (485/520 1),Raw Data (485/520 1),Raw Data (485/520 1),Raw Data (485/520 1),Raw Data (485/520 1),Raw Data (485/520 1),Raw Data (485/520 1),Raw Data (485/520 1),Raw Data (485/520 1),Raw Data (485/520 1),Raw Data (485/520 1),Raw Data (485/520 1),Raw Data (485/520 1),Raw Data (485/520 1),Raw Data (485/520 1),Raw Data (485/520 1),Raw Data (485/520 1),Raw Data (485/520 1),Raw Data (485/520 1),Raw Data (485/520 1),Raw Data (485/520 1),Raw Data (485/520 1),Raw Data (485/520 1),Raw Data (485/520 1),Raw Data (485/520 1),Raw Data (485/520 1),Raw Data (485/520 1),Raw Data (485/520 1),Raw Data (485/520 1),Raw Data (485/520 1),Raw Data (485/520 1),Raw Data (485/520 1),Raw Data (485/520 1),Raw Data (485/520 1),Raw Data (485/520 1),Raw Data (485/520 1),Raw Data (485/520 1),Raw Data (485/520 1),Raw Data (485/520 1),Raw Data (485/520 1),Raw Data (485/520 1),Raw Data (485/520 1),Raw Data (485/520 1),Raw Data (485/520 1),Raw Data (485/520 1),Raw Data (485/520 1),Raw Data (485/520 1),Raw Data (485/520 1),Raw Data (485/520 1),Raw Data (485/520 1),Raw Data (485/520 1),Raw Data (485/520 1),Raw Data (485/520 1),Raw Data (485/520 1),Raw Data (485/520 1),Raw Data (485/520 1),Raw Data (485/520 1),Raw Data (485/520 1),Raw Data (485/520 1),Raw Data (485/520 1),Raw Data (485/520 1),Raw Data (485/520 1),Raw Data (485/520 1),Raw Data (485/520 1),Raw Data (485/520 1),Raw Data (485/520 1),Raw Data (485/520 1),Raw Data (485/520 1),Raw Data (485/520 1),Raw Data (485/520 1),Raw Data (485/520 1),Raw Data (485/520 1),Raw Data (485/520 1),Raw Data (485/520 1),Raw Data (485/520 1),Raw Data (485/520 1),Raw Data (485/520 1),Raw Data (485/520 1),Raw Data (485/520 1),Raw Data (485/520 1),Raw Data (485/520 1),Raw Data (485/520 1),Raw Data (485/520 1),Raw Data (485/520 1),Raw Data (485/520 1),Raw Data (485/520 1),Raw Data (485/520 1),Raw Data (485/520 1),Raw Data (485/520 1),Raw Data (485/520 1),Raw Data (485/520 1)
,Time,0 h ,0 h 2 min,0 h 4 min,0 h 6 min,0 h 8 min,0 h 10 min,0 h 12 min,0 h 14 min,0 h 16 min,0 h 18 min,0 h 20 min,0 h 22 min,0 h 24 min,0 h 26 min,0 h 28 min,0 h 30 min,0 h 32 min,0 h 34 min,0 h 36 min,0 h 38 min,0 h 40 min,0 h 42 min,0 h 44 min,0 h 46 min,0 h 48 min,0 h 50 min,0 h 52 min,0 h 54 min,0 h 56 min,0 h 58 min,1 h ,1 h 2 min,1 h 4 min,1 h 6 min,1 h 8 min,1 h 10 min,1 h 12 min,1 h 14 min,1 h 16 min,1 h 18 min,1 h 20 min,1 h 22 min,1 h 24 min,1 h 26 min,1 h 28 min,1 h 30 min,1 h 32 min,1 h 34 min,1 h 36 min,1 h 38 min,1 h 40 min,1 h 42 min,1 h 44 min,1 h 46 min,1 h 48 min,1 h 50 min,1 h 52 min,1 h 54 min,1 h 56 min,1 h 58 min,2 h ,2 h 2 min,2 h 4 min,2 h 6 min,2 h 8 min,2 h 10 min,2 h 12 min,2 h 14 min,2 h 16 min,2 h 18 min,2 h 20 min,2 h 22 min,2 h 24 min,2 h 26 min,2 h 28 min,2 h 30 min,2 h 32 min,2 h 34 min,2 h 36 min,2 h 38 min,2 h 40 min,2 h 42 min,2 h 44 min,2 h 46 min,2 h 48 min,2 h 50 min,2 h 52 min,2 h 54 min,2 h 56 min,2 h 58 min,3 h ,3 h 2 min,3 h 4 min,3 h 6 min,3 h 8 min,3 h 10 min,3 h 12 min,3 h 14 min,3 h 16 min,3 h 18 min,3 h 20 min,3 h 22 min,3 h 24 min,3 h 26 min,3 h 28 min,3 h 30 min,3 h 32 min,3 h 34 min,3 h 36 min,3 h 38 min,3 h 40 min,3 h 42 min,3 h 44 min,3 h 46 min,3 h 48 min,3 h 50 min,3 h 52 min,3 h 54 min,3 h 56 min,3 h 58 min,4 h ,4 h 2 min,4 h 4 min,4 h 6 min,4 h 8 min,4 h 10 min,4 h 12 min,4 h 14 min,4 h 16 min,4 h 18 min,4 h 20 min,4 h 22 min,4 h 24 min,4 h 26 min,4 h 28 min,4 h 30 min,4 h 32 min,4 h 34 min,4 h 36 min,4 h 38 min,4 h 40 min,4 h 42 min,4 h 44 min,4 h 46 min,4 h 48 min,4 h 50 min,4 h 52 min,4 h 54 min,4 h 56 min,4 h 58 min,5 h ,5 h 2 min,5 h 4 min,5 h 6 min,5 h 8 min,5 h 10 min,5 h 12 min,5 h 14 min,5 h 16 min,5 h 18 min,5 h 20 min,5 h 22 min,5 h 24 min,5 h 26 min,5 h 28 min,5 h 30 min,5 h 32 min,5 h 34 min,5 h 36 min,5 h 38 min,5 h 40 min,5 h 42 min,5 h 44 min,5 h 46 min,5 h 48 min,5 h 50 min,5 h 52 min,5 h 54 min,5 h 56 min,5 h 58 min,6 h ,6 h 2 min,6 h 4 min,6 h 6 min,6 h 8 min,6 h 10 min,6 h 12 min,6 h 14 min,6 h 16 min,6 h 18 min,6 h 20 min,6 h 22 min,6 h 24 min,6 h 26 min,6 h 28 min,6 h 30 min,6 h 32 min,6 h 34 min,6 h 36 min,6 h 38 min,6 h 40 min,6 h 42 min,6 h 44 min,6 h 46 min,6 h 48 min,6 h 50 min,6 h 52 min,6 h 54 min,6 h 56 min,6 h 58 min,7 h ,7 h 2 min,7 h 4 min,7 h 6 min,7 h 8 min,7 h 10 min,7 h 12 min,7 h 14 min,7 h 16 min,7 h 18 min,7 h 20 min,7 h 22 min,7 h 24 min,7 h 26 min,7 h 28 min,7 h 30 min,7 h 32 min,7 h 34 min,7 h 36 min,7 h 38 min,7 h 40 min,7 h 42 min,7 h 44 min,7 h 46 min,7 h 48 min,7 h 50 min,7 h 52 min,7 h 54 min,7 h 56 min,7 h 58 min,8 h ,8 h 2 min,8 h 4 min,8 h 6 min,8 h 8 min,8 h 10 min,8 h 12 min,8 h 14 min,8 h 16 min,8 h 18 min,8 h 20 min,8 h 22 min,8 h 24 min,8 h 26 min,8 h 28 min,8 h 30 min,8 h 32 min,8 h 34 min,8 h 36 min,8 h 38 min,8 h 40 min,8 h 42 min,8 h 44 min,8 h 46 min,8 h 48 min,8 h 50 min,8 h 52 min,8 h 54 min,8 h 56 min,8 h 58 min,9 h ,9 h 2 min,9 h 4 min,9 h 6 min,9 h 8 min,9 h 10 min,9 h 12 min,9 h 14 min,9 h 16 min,9 h 18 min,9 h 20 min,9 h 22 min,9 h 24 min,9 h 26 min,9 h 28 min,9 h 30 min,9 h 32 min,9 h 34 min,9 h 36 min,9 h 38 min,9 h 40 min,9 h 42 min,9 h 44 min,9 h 46 min,9 h 48 min,9 h 50 min,9 h 52 min,9 h 54 min,9 h 56 min,9 h 58 min,10 h ,10 h 2 min,10 h 4 min,10 h 6 min,10 h 8 min,10 h 10 min,10 h 12 min,10 h 14 min,10 h 16 min,10 h 18 min,10 h 20 min,10 h 22 min,10 h 24 min,10 h 26 min,10 h 28 min,10 h 30 min,10 h 32 min,10 h 34 min,10 h 36 min,10 h 38 min,10 h 40 min,10 h 42 min,10 h 44 min,10 h 46 min,10 h 48 min,10 h 50 min,10 h 52 min,10 h 54 min,10 h 56 min,10 h 58 min,11 h ,11 h 2 min,11 h 4 min,11 h 6 min,11 h 8 min,11 h 10 min,11 h 12 min,11 h 14 min,11 h 16 min,11 h 18 min,11 h 20 min,11 h 22 min,11 h 24 min,11 h 26 min,11 h 28 min,11 h 30 min,11 h 32 min,11 h 34 min,11 h 36 min,11 h 38 min,11 h 40 min,11 h 42 min,11 h 44 min,11 h 46 min,11 h 48 min,11 h 50 min,11 h 52 min,11 h 54 min,11 h 56 min,11 h 58 min
B03,Sample X1,76,77,75,73,76,76,74,74,76,77,78,79,82,84,86,88,93,95,97,100,101,105,110,111,112,118,119,124,125,130,133,133,139,143,147,152,155,158,160,165,171,176,177,182,187,192,195,198,202,205,209,213,217,219,221,225,230,231,233,238,240,241,243,249,248,253,255,256,256,261,262,266,267,266,273,273,275,278,277,280,282,285,284,286,288,291,292,293,295,295,300,299,300,302,305,305,306,311,314,314,314,316,319,321,328,327,328,333,334,337,339,341,343,344,347,348,349,353,353,357,359,360,363,363,366,370,371,373,378,376,378,377,382,382,385,388,390,392,393,395,398,398,401,403,404,406,408,409,413,414,417,416,420,421,422,428,428,428,428,435,433,433,436,437,440,442,442,447,447,449,448,450,454,455,459,459,459,460,460,468,468,468,469,469,473,473,476,476,478,476,481,481,484,488,488,490,491,492,493,495,495,498,500,499,498,501,502,505,505,508,508,511,510,511,515,517,517,522,518,521,517,521,522,525,527,527,530,529,531,531,534,535,533,536,536,540,542,541,543,543,545,548,548,548,552,551,550,553,552,554,554,556,554,561,556,558,561,560,565,568,561,566,566,567,567,569,570,573,571,570,571,572,574,576,575,575,579,579,577,580,577,583,586,582,585,588,586,588,587,589,590,587,590,587,589,590,593,595,596,596,595,598,597,599,598,600,599,598,600,603,602,604,603,607,603,604,605,607,605,606,609,613,610,611,614,613,609,611,616,611,615,612,614,616,615,615,615,615,616,618,615,618,619,618,620,624,623,620,621,627,624,622,623,625,626,627,625,624,632,627
B05,Sample X2,95,96,95,92,95,95,92,94,94,94,96,99,100,103,105,108,113,115,116,119,121,127,127,132,134,136,140,142,148,149,153,155,161,164,166,172,176,178,183,188,192,197,199,202,207,212,217,219,219,228,230,234,237,239,243,251,252,253,259,259,265,265,265,270,274,273,274,279,283,284,286,288,290,291,294,293,296,299,301,300,304,304,307,311,312,313,317,317,317,326,323,326,329,332,334,336,337,337,339,342,344,348,349,349,353,357,360,361,364,367,369,372,368,374,376,378,380,379,384,387,387,391,393,396,400,402,399,404,405,407,410,408,414,416,420,419,422,421,424,425,429,432,432,434,435,440,438,440,442,445,446,450,454,453,454,457,460,459,464,464,464,465,468,470,464,467,466,468,472,474,478,474,480,483,481,484,486,487,489,486,490,491,494,494,497,500,499,501,504,504,506,507,508,514,514,512,516,517,517,522,522,521,524,527,528,529,531,531,534,536,539,539,541,538,541,546,546,544,549,549,549,549,549,552,555,558,557,558,556,560,561,563,567,568,568,567,569,573,572,570,577,574,577,578,584,580,582,582,584,585,585,587,587,591,594,594,594,593,595,598,596,596,595,601,601,602,601,605,604,603,604,606,607,609,608,609,612,611,612,614,611,616,615,618,619,620,617,621,624,622,622,624,625,623,623,624,628,627,628,631,634,632,630,631,632,633,637,634,634,635,634,638,637,639,640,640,640,641,642,643,643,641,645,647,644,647,647,648,650,650,650,652,651,648,649,652,654,654,652,653,654,653,656,656,653,658,655,659,659,661,657,659,661,661,663,662,662,664,662,662
B07,Sample X3,76,79,76,76,79,77,77,77,77,79,82,83,83,86,89,91,96,96,99,102,104,108,109,113,116,119,121,124,128,132,132,137,142,144,148,154,156,161,166,169,174,180,184,187,191,199,202,205,211,216,218,222,229,230,237,242,242,246,252,254,258,263,266,267,270,272,277,281,284,287,289,290,294,296,299,301,301,305,307,310,312,315,321,319,324,326,327,331,333,337,339,342,342,345,349,349,353,355,358,363,364,369,367,374,376,380,380,383,386,391,394,395,397,400,399,406,406,409,412,413,419,420,423,426,427,429,433,435,436,442,446,447,446,450,452,459,456,458,463,465,465,468,469,475,474,477,481,482,485,487,488,489,495,495,497,500,502,504,508,510,510,510,516,518,520,523,524,524,528,532,528,533,537,540,541,544,542,545,544,546,550,553,554,554,558,556,562,564,566,569,568,570,571,576,577,577,581,582,583,584,585,590,592,593,598,597,595,599,602,603,606,607,609,609,612,613,614,618,618,618,619,622,622,626,628,629,633,631,629,636,639,641,639,642,644,642,645,647,650,651,652,658,654,660,660,656,662,661,666,661,667,672,672,676,673,672,672,676,680,678,676,680,679,683,685,686,684,686,687,686,691,691,692,698,692,698,698,697,698,696,701,704,702,706,709,709,705,708,710,714,711,714,715,712,716,717,718,719,722,724,722,722,724,724,724,726,725,728,728,728,731,731,730,734,733,733,733,736,736,736,739,739,744,740,742,740,745,743,742,743,745,747,746,745,749,749,751,752,748,750,750,751,754,752,752,757,755,756,758,760,759,759,759,760,762,759,762,763,763,761
B09,Sample X4,79,76,76,74,75,75,75,74,77,74,75,76,76,76,78,78,81,81,84,84,86,88,89,93,94,97,98,102,104,105,107,110,114,117,119,120,124,129,127,133,135,140,142,145,151,154,158,159,165,169,172,176,180,183,187,190,196,201,203,207,213,216,219,226,232,231,234,237,242,244,249,253,254,257,262,265,267,271,274,275,277,284,284,287,288,292,292,294,294,299,302,303,307,308,311,315,317,317,320,322,326,327,331,332,335,343,340,344,343,347,350,350,354,354,356,358,362,365,366,367,370,370,372,376,377,379,381,382,387,388,392,390,392,394,397,399,399,402,404,403,405,409,412,412,412,417,417,421,421,421,428,426,428,428,431,430,436,437,436,438,439,444,447,447,446,451,452,451,455,457,458,462,464,462,461,466,465,469,468,470,475,474,474,476,478,481,478,481,486,487,486,490,487,491,495,494,495,497,497,500,499,503,501,504,507,506,509,511,512,513,511,515,515,518,517,521,521,522,525,525,527,530,525,529,533,530,536,536,538,538,540,538,540,541,547,545,547,546,546,549,547,553,553,551,555,552,558,558,559,558,560,561,559,562,564,565,565,567,567,567,570,570,569,573,571,576,574,579,576,579,578,578,579,583,584,581,584,585,584,585,588,590,590,592,591,589,593,594,593,596,598,596,597,597,602,601,603,602,608,606,610,604,608,608,606,610,609,610,609,612,611,616,614,613,616,616,616,617,621,620,618,624,620,624,622,626,624,627,623,627,628,627,631,630,631,631,632,629,634,633,631,638,633,635,639,635,638,640,638,640,641,638,641,641,642,638,643,643,644,645
B11,Sample X5,80,80,78,78,80,78,77,77,79,79,79,81,83,83,87,87,91,91,94,98,99,102,104,105,109,113,114,118,118,123,124,127,132,135,137,140,144,149,150,155,159,164,167,172,176,183,188,192,195,200,203,211,216,220,224,230,238,239,247,248,254,258,262,268,271,276,280,282,284,291,293,296,298,301,304,309,310,313,321,319,322,326,331,330,334,339,341,342,348,350,352,355,353,360,360,364,366,370,370,372,373,377,383,382,386,389,389,390,394,397,398,402,404,403,408,409,414,417,416,420,422,426,426,424,427,433,433,435,442,440,442,443,446,448,452,455,456,456,455,460,459,464,470,470,469,472,475,473,479,478,482,483,486,483,489,493,493,495,498,500,502,501,504,505,511,509,513,515,516,519,518,522,523,525,524,525,527,533,533,532,535,536,539,540,542,540,543,548,549,552,553,553,553,556,559,560,562,565,563,564,569,571,571,573,574,574,577,578,580,580,585,584,588,587,588,591,592,593,595,597,600,597,602,603,602,604,603,606,608,610,617,614,614,617,618,621,624,621,621,628,631,632,631,634,637,636,639,638,639,639,644,643,643,648,648,651,653,650,651,653,656,657,660,660,658,657,668,666,669,668,667,668,670,671,672,675,675,677,676,680,680,683,683,682,684,687,685,686,689,693,692,691,693,695,695,696,694,700,700,702,703,702,702,706,706,709,708,708,711,709,711,712,715,715,716,714,716,719,721,722,720,724,725,724,727,728,727,728,731,728,732,731,736,731,735,737,736,734,739,740,737,740,743,742,742,741,744,747,743,744,747,745,750,750,746,747,753,750,756,753
B13,Sample X6,81,79,80,79,80,79,78,78,80,80,82,83,86,87,89,92,93,95,99,101,103,106,109,112,115,116,119,124,126,127,132,135,137,143,149,152,154,158,162,165,171,176,178,184,188,195,199,205,211,216,223,230,234,237,242,250,256,261,266,272,275,282,284,291,294,297,301,305,309,315,318,322,326,328,331,337,340,345,348,349,354,357,361,363,369,374,377,377,376,382,388,387,393,392,395,397,402,406,406,410,414,415,416,423,422,427,428,430,431,435,439,442,446,446,448,453,454,458,459,461,463,465,470,471,475,477,479,481,483,489,489,492,495,494,499,501,502,504,505,507,511,512,517,517,523,523,527,530,530,532,537,539,541,541,545,546,547,552,550,553,553,558,562,562,562,566,568,571,571,579,578,576,581,585,586,586,588,591,594,596,595,601,604,604,605,608,608,612,617,621,618,621,618,627,627,627,628,629,634,634,633,637,640,645,645,649,651,650,649,652,654,661,662,663,659,662,666,671,670,674,674,679,679,678,684,685,684,687,687,691,693,696,696,697,700,702,703,704,709,710,708,716,716,716,719,718,722,725,725,726,731,730,731,730,731,735,734,738,738,742,743,744,744,749,750,751,749,756,755,753,761,757,761,763,762,764,765,764,768,771,774,773,771,776,775,778,782,780,781,786,784,783,783,789,790,787,793,796,796,797,793,799,798,801,800,803,803,803,802,804,805,808,809,809,814,811,812,817,813,816,818,819,818,818,825,819,817,824,823,827,826,825,829,827,834,830,827,830,838,837,837,837,838,834,840,840,839,844,843,842,843,847,847,844,843,851,846,850,852,852
B15,Sample X7,78,78,79,78,77,78,78,78,80,79,81,80,82,83,85,87,89,92,93,97,99,100,102,103,108,111,112,114,116,119,122,126,128,131,134,138,139,143,149,150,155,159,163,166,169,175,177,182,187,190,195,199,199,203,209,213,219,218,223,229,230,234,236,239,242,244,248,252,255,257,261,260,265,266,268,271,272,277,276,277,279,283,284,285,287,291,290,291,294,296,294,297,301,299,305,304,304,308,306,310,310,312,313,315,319,321,322,323,324,329,325,329,331,334,335,334,336,338,341,343,339,346,344,347,348,351,354,351,355,356,358,357,360,362,363,363,368,365,366,366,367,372,373,374,374,374,375,376,380,381,385,382,386,387,387,389,392,389,389,392,394,395,394,400,400,399,401,401,402,402,400,403,406,405,405,407,409,411,412,413,412,416,415,418,419,419,420,422,421,427,428,431,428,432,433,435,432,436,437,435,438,439,441,440,444,441,442,447,446,446,447,452,451,448,451,453,452,455,455,456,459,458,457,457,458,463,464,461,466,466,469,465,467,470,469,474,469,473,475,477,474,482,479,479,479,481,482,485,485,482,485,487,488,489,488,495,493,491,494,493,496,495,498,499,500,500,500,501,500,500,501,502,504,503,502,506,506,505,509,508,510,507,510,514,513,513,511,517,517,520,516,521,520,521,524,520,522,520,525,524,525,527,524,528,529,523,529,530,529,530,531,532,533,534,535,536,534,535,535,535,536,537,537,540,539,539,543,542,544,543,546,542,543,546,543,546,547,545,545,548,547,552,550,550,551,553,553,552,553,553,552,557,555,556,556,556,558,561,558,558
B17,Sample X8,75,75,76,76,75,75,76,75,77,77,74,79,80,77,80,82,85,85,87,87,90,92,96,96,99,101,102,104,106,106,108,112,114,118,119,123,125,128,130,134,137,139,142,145,147,155,155,159,160,166,169,174,176,178,183,186,190,191,197,199,205,208,210,214,217,220,220,225,230,232,233,236,240,242,248,248,250,255,258,258,261,263,265,266,271,273,274,277,278,283,284,285,290,291,293,294,297,298,300,302,305,307,309,311,316,316,318,324,322,326,330,333,334,334,341,342,346,346,350,350,351,354,356,360,361,364,365,368,373,373,376,375,381,380,385,385,388,387,391,390,395,397,400,401,401,407,406,409,410,414,414,419,417,420,423,426,428,431,431,429,439,435,440,441,442,444,446,448,449,449,451,450,453,460,460,457,464,463,464,468,467,468,474,476,476,475,479,481,482,483,488,488,490,492,493,494,492,497,499,501,502,504,506,511,509,512,512,516,515,518,520,523,522,526,527,530,530,533,533,533,535,537,538,537,541,542,544,545,547,550,550,551,550,554,555,558,560,562,562,565,568,568,571,570,574,575,576,577,576,581,579,582,585,590,588,590,591,593,597,595,600,598,600,601,603,602,606,604,606,606,608,610,612,614,613,618,619,617,618,619,626,627,623,630,632,628,633,633,633,636,634,636,637,639,639,641,642,646,644,646,647,648,651,651,652,653,656,657,656,656,658,658,659,659,661,663,665,668,668,669,673,670,670,675,672,675,676,676,675,680,678,676,681,682,685,686,685,684,686,686,687,688,689,691,690,694,697,695,694,695,696,694,699,699,700,701,702,703,705,703
B19,Sample X9,80,78,78,76,76,75,75,72,75,73,73,76,78,79,82,85,88,88,92,95,96,101,100,103,108,110,116,119,122,124,128,131,136,140,143,146,150,155,154,158,162,166,171,173,175,179,182,184,191,193,195,197,201,202,205,211,212,216,220,221,229,226,230,236,238,240,242,245,249,252,255,255,260,263,266,269,271,275,278,278,281,281,285,288,289,289,294,293,297,298,298,301,304,302,307,309,310,306,311,313,315,317,320,317,321,324,325,324,327,330,332,331,331,333,334,334,336,336,338,338,338,339,343,338,339,339,341,338,342,344,343,345,344,343,345,345,345,345,347,346,346,347,343,350,348,348,347,349,350,351,351,350,351,349,350,352,349,351,354,350,352,354,354,357,355,357,357,357,354,355,354,357,356,357,354,357,359,359,358,359,356,361,359,359,362,357,362,359,361,362,361,361,363,365,361,361,366,365,363,365,365,362,365,366,365,363,367,369,367,368,366,366,370,368,370,369,370,371,372,372,372,370,373,369,374,374,374,373,375,374,373,377,374,377,375,375,376,378,379,377,381,381,380,383,381,379,380,381,383,383,384,381,381,384,382,385,385,384,388,385,385,383,387,387,385,387,389,387,389,389,390,390,390,389,390,389,392,391,390,390,388,393,393,392,393,394,391,395,396,394,396,395,396,396,397,396,394,397,399,400,396,398,400,398,400,400,401,401,400,402,402,402,402,402,403,405,404,404,404,405,404,406,405,405,407,402,405,405,408,406,408,408,407,407,408,410,408,413,413,410,411,413,411,411,412,412,414,414,415,418,415,415,412,412,416,413,418,417,417,418
B21,Sample X10,72,73,73,69,70,70,69,71,72,72,71,73,76,76,77,80,81,85,84,87,91,92,95,95,100,102,106,111,110,113,114,118,122,124,126,132,132,135,138,140,141,144,146,146,150,155,155,160,162,162,165,167,169,170,174,175,179,179,181,182,185,187,187,189,191,191,194,195,198,200,200,202,203,206,206,209,210,210,211,209,212,209,213,214,214,216,214,214,220,219,219,218,218,222,223,222,222,227,224,224,225,224,224,224,227,229,229,229,230,231,230,235,234,233,231,234,238,234,235,234,234,236,235,235,238,236,238,234,239,234,237,239,239,240,239,238,238,238,239,241,240,240,243,240,241,241,241,240,241,242,241,244,242,243,242,241,244,242,244,242,239,243,242,244,246,245,243,246,246,245,245,245,245,246,243,245,246,243,245,246,244,246,246,246,244,247,245,249,248,248,247,250,246,249,249,248,247,247,248,248,249,248,247,248,248,248,248,249,248,249,253,250,249,251,248,249,249,252,252,249,250,248,252,250,248,250,251,249,250,253,252,250,252,253,251,249,252,253,252,255,248,258,256,255,256,255,254,256,254,253,254,253,254,252,253,255,255,254,255,256,253,254,255,254,254,255,256,257,254,252,254,256,257,257,256,255,256,258,257,255,254,256,257,256,258,256,258,255,258,258,257,259,258,256,256,257,259,257,257,258,259,260,259,258,259,258,259,258,259,259,259,259,260,261,259,259,259,260,258,263,261,259,261,261,262,262,260,260,260,261,261,260,263,263,261,263,260,261,263,264,261,261,262,262,263,263,260,262,265,264,259,261,261,262,263,264,264,263,265,265
D03,Sample X11,78,77,78,78,79,77,79,79,81,80,80,82,83,85,88,89,92,94,97,99,101,104,106,111,112,116,117,121,124,128,129,135,136,140,146,148,150,154,158,164,165,170,173,176,182,186,188,193,195,196,199,202,205,207,210,213,214,216,218,222,223,228,228,232,232,234,235,239,240,242,242,243,246,249,248,253,254,255,257,258,258,261,261,263,266,268,267,270,272,273,278,277,277,282,282,283,285,286,286,289,290,290,293,294,301,302,299,303,304,307,306,310,313,311,315,314,315,320,322,325,325,330,331,329,334,335,338,338,338,341,343,345,348,350,351,353,354,353,354,356,361,360,364,364,367,368,370,372,376,376,378,380,378,384,384,384,386,387,389,392,393,392,395,398,400,403,402,406,404,407,408,410,411,414,416,417,417,417,418,419,422,426,427,427,429,429,430,432,438,436,437,438,443,444,443,445,444,447,446,450,450,453,453,456,456,456,458,459,461,460,464,464,467,464,469,468,471,473,473,477,470,480,478,479,480,484,482,485,484,486,489,488,488,492,493,492,494,493,493,498,500,505,502,503,502,504,508,509,512,509,512,513,512,513,514,515,513,519,519,520,518,517,523,523,520,526,523,528,526,524,526,528,528,530,531,529,532,533,530,532,537,534,536,536,536,541,542,541,541,542,543,543,544,543,542,541,545,546,545,546,547,547,546,548,548,548,550,548,554,550,554,553,551,552,557,557,553,556,557,554,556,561,558,561,559,559,561,564,560,562,562,563,566,565,565,566,566,565,566,567,568,568,568,570,566,572,569,572,571,569,571,572,573,569,573,574,571,575,576,576
D05,Sample X12,78,78,78,76,77,77,76,77,80,78,80,81,82,83,85,90,92,94,96,99,102,104,108,110,111,116,118,120,124,126,129,133,135,140,141,143,146,154,157,161,163,168,171,174,178,183,183,190,189,192,196,198,201,204,207,209,213,213,215,218,219,220,225,225,226,229,228,231,232,237,237,239,239,241,244,245,247,248,254,253,254,256,257,259,261,263,263,265,264,271,268,269,274,275,276,277,280,283,282,283,286,288,287,289,294,294,297,299,297,300,301,301,306,306,308,310,311,315,315,318,319,323,322,323,325,328,329,330,335,334,336,336,341,342,344,345,348,347,347,352,355,355,357,358,358,359,361,364,367,371,369,372,371,374,380,378,381,380,381,384,384,389,390,391,393,391,396,398,397,401,401,401,403,407,407,408,411,411,413,412,417,417,419,418,422,424,422,425,426,430,429,430,436,433,435,436,437,440,442,444,444,445,446,450,451,452,453,453,454,454,457,457,462,462,460,463,462,465,469,471,470,470,476,473,476,474,478,477,479,480,482,483,485,485,488,490,485,490,492,493,495,497,498,496,499,500,502,503,502,504,504,508,504,509,508,510,510,510,513,515,514,514,516,518,520,520,521,521,522,520,523,522,526,528,522,528,529,528,530,530,527,534,531,536,535,534,535,536,538,538,537,538,540,543,540,542,544,542,545,546,544,543,545,550,545,550,550,547,549,550,550,548,550,555,553,555,554,555,557,557,559,557,557,559,562,558,561,561,565,560,565,560,566,562,562,564,565,567,571,569,569,565,572,570,568,571,570,570,572,571,571,575,574,574,576,574,575,576,576,574
D07,Sample X13,79,78,79,79,76,76,76,77,77,79,79,80,80,82,84,88,89,91,94,98,99,101,106,109,110,116,117,122,122,126,131,135,139,143,143,149,152,158,161,168,168,177,180,182,185,189,196,199,206,207,211,213,216,219,221,228,231,233,236,238,242,244,247,250,253,256,259,263,262,265,265,271,274,276,277,279,282,283,287,286,289,290,291,295,296,299,300,300,303,307,307,311,309,315,317,318,323,325,325,329,329,335,334,338,344,344,348,350,351,353,356,358,362,363,367,367,369,372,376,378,379,381,382,384,387,390,393,394,399,398,403,403,404,408,410,414,414,416,420,420,423,426,430,432,434,434,435,443,442,444,445,448,450,448,455,456,460,460,463,465,464,469,470,474,473,475,480,479,481,485,484,489,490,495,493,494,499,497,502,506,504,512,509,511,515,516,515,519,518,520,525,527,526,530,535,531,535,539,540,541,540,544,546,545,547,551,553,553,555,557,560,563,562,563,561,563,568,569,571,571,572,575,577,578,578,584,589,586,587,588,590,592,593,598,598,598,598,604,602,608,609,611,610,614,613,616,617,619,618,620,620,623,623,626,626,629,629,632,636,633,637,637,638,639,638,637,643,644,645,644,647,649,650,650,648,652,656,658,656,656,660,663,660,662,659,665,664,664,667,670,668,672,668,670,671,675,670,672,677,677,675,677,679,679,683,681,681,686,685,687,685,686,687,685,690,687,691,691,693,694,694,693,696,696,693,699,699,697,701,696,702,702,703,700,702,702,705,703,702,706,707,708,706,709,706,709,708,706,706,708,711,713,713,710,713,713,713,712,717,715
D09,Sample X14,76,77,78,76,77,77,76,76,75,76,77,79,81,82,83,85,89,89,93,95,97,102,103,106,110,112,116,119,124,126,128,131,133,139,142,144,151,155,160,163,168,173,178,182,188,192,195,199,204,208,215,214,223,225,230,234,238,243,244,249,250,256,258,261,263,265,270,270,274,276,281,283,285,285,288,291,292,295,295,297,301,302,304,307,312,313,317,318,320,320,323,327,329,332,337,335,338,340,344,344,345,348,351,352,361,361,362,369,365,366,370,374,373,378,384,380,382,385,387,391,396,397,399,403,402,407,404,407,409,413,415,417,419,421,421,427,425,426,431,433,436,437,439,440,441,446,446,447,449,454,453,456,460,465,463,466,467,468,471,476,476,476,480,482,483,485,487,490,494,496,494,496,499,501,505,503,507,509,507,514,511,513,519,523,521,522,525,525,529,530,535,534,534,535,540,542,541,543,547,546,547,549,549,553,554,559,557,561,563,565,564,568,571,570,572,570,574,578,580,580,578,583,586,588,586,588,592,596,594,597,600,598,601,601,604,604,605,607,609,612,612,613,618,616,620,619,622,624,623,624,626,628,628,630,630,633,631,635,637,637,634,640,640,645,642,645,644,647,648,650,647,648,650,648,651,652,654,654,656,653,656,658,659,662,662,664,662,665,666,670,668,668,668,671,669,672,673,671,677,674,675,676,678,676,674,678,681,681,680,685,681,683,684,686,687,688,688,688,687,690,688,691,691,692,693,691,693,694,695,694,694,695,697,695,696,696,701,700,699,700,701,702,702,702,701,704,703,704,704,705,709,706,704,706,708,707,707,705,710,714
D11,Sample X15,79,79,78,77,77,77,76,74,79,76,77,76,78,78,81,83,84,88,88,91,90,92,94,100,102,105,105,108,110,114,117,118,124,125,128,133,134,138,142,144,149,156,159,162,167,170,177,180,186,189,195,199,204,209,211,218,224,229,233,236,242,244,250,255,258,261,265,269,271,275,277,284,287,289,293,293,298,300,299,304,304,310,312,316,319,321,326,326,328,335,335,337,340,343,343,348,350,351,355,356,360,364,366,367,371,373,375,380,377,380,385,386,385,389,392,394,396,398,399,403,403,409,409,412,411,413,417,416,422,422,424,428,426,431,432,435,439,434,439,441,446,445,451,450,455,450,459,456,459,464,465,468,468,470,473,475,477,479,482,484,485,485,490,491,493,492,500,500,501,506,506,506,504,508,506,512,515,519,516,518,521,519,525,527,531,528,534,535,539,538,539,544,543,543,548,547,544,552,552,557,557,557,556,562,564,564,566,565,571,570,570,576,576,576,580,579,583,585,586,586,587,592,592,593,592,596,596,594,597,603,604,604,608,607,610,616,613,617,615,619,624,620,620,620,624,628,632,630,630,637,633,636,637,640,640,642,640,641,644,645,646,645,650,652,650,651,654,653,657,655,659,656,663,665,665,664,663,667,666,668,669,673,672,679,676,676,680,678,683,680,683,683,683,688,686,685,687,688,688,689,688,691,691,691,696,695,698,699,695,697,699,701,700,701,702,702,701,705,705,706,712,711,709,707,711,711,712,710,712,715,715,715,716,717,715,720,719,718,721,721,721,721,722,720,722,724,728,729,726,725,728,729,732,731,729,731,732,734,733,734
D13,Sample X16,80,80,77,79,78,79,79,79,82,80,78,82,83,83,86,88,90,93,94,96,99,102,106,109,112,117,118,122,127,131,134,139,143,146,151,156,159,165,169,176,180,188,194,198,204,211,219,225,227,234,240,244,252,258,262,271,274,282,283,288,293,297,300,306,308,314,319,321,321,327,331,338,342,347,349,352,355,358,363,367,370,375,374,382,383,387,393,392,395,396,402,405,410,410,418,416,421,426,427,429,435,435,443,445,450,456,455,457,459,461,463,467,469,474,477,481,480,483,485,491,493,497,498,503,504,506,510,514,514,516,520,518,527,528,529,534,534,535,539,543,548,546,548,554,557,555,560,565,568,569,569,573,578,576,582,583,587,589,587,593,594,599,599,605,608,610,612,615,616,616,620,623,625,630,632,632,638,636,640,641,645,645,649,651,656,654,660,660,662,661,669,669,673,676,677,680,682,684,688,687,694,691,690,697,697,704,704,705,708,712,713,714,721,716,722,723,725,729,729,730,729,733,734,738,739,741,747,746,747,751,754,754,753,762,766,762,767,773,775,773,773,779,782,782,785,783,788,793,793,792,796,797,798,799,799,802,804,803,804,808,808,812,813,816,813,815,820,819,818,821,823,822,828,831,828,833,832,834,835,833,837,838,843,842,840,844,847,847,850,848,850,851,850,850,851,853,854,854,855,862,862,864,864,863,866,862,868,869,871,871,869,870,875,876,869,877,879,879,874,878,879,879,880,880,880,882,883,883,887,886,887,891,886,892,889,892,890,894,893,899,895,897,894,893,897,894,899,901,898,900,900,901,899,901,903,908,900,906,906,909
D15,Sample X17,76,78,76,77,77,76,78,76,75,77,76,79,79,79,81,86,84,87,89,93,95,97,99,103,105,109,112,115,118,120,124,127,133,135,138,143,146,150,156,158,165,171,176,178,181,188,193,198,201,206,210,215,220,223,230,235,237,242,245,250,257,257,262,267,271,273,276,278,282,286,287,291,292,295,297,299,300,305,307,310,313,319,320,324,326,330,332,333,337,336,341,349,351,351,355,356,357,364,368,373,369,376,379,383,387,388,390,391,396,400,400,405,405,408,412,415,415,418,424,427,429,428,432,435,437,438,441,444,448,448,452,455,457,461,463,465,470,468,470,475,477,480,479,482,485,486,490,492,495,502,502,507,505,506,514,515,515,518,523,522,524,527,530,533,534,540,539,542,544,545,547,551,550,555,558,562,558,563,566,568,570,573,573,578,579,579,582,583,587,591,589,596,595,598,598,602,601,609,609,611,612,613,618,619,622,621,623,628,626,629,631,635,636,638,642,645,648,648,651,657,653,660,661,662,663,664,669,668,670,673,675,678,679,682,684,685,687,690,692,695,698,701,699,705,707,705,713,713,712,712,716,719,719,718,721,723,728,727,733,734,731,730,731,738,735,740,741,743,744,739,744,745,746,749,752,747,749,752,754,752,759,755,756,759,761,763,763,765,767,769,769,766,767,769,772,772,775,770,778,776,775,776,778,772,778,780,782,782,781,781,784,785,786,786,787,784,787,790,788,788,791,788,789,789,794,793,795,792,795,796,800,800,796,797,799,799,799,800,802,803,801,801,801,804,801,807,802,804,806,807,804,805,809,808,808,810,808,811,808,811
D17,Sample X18,82,80,81,79,80,80,79,80,81,80,81,83,85,82,83,85,88,91,92,93,96,96,100,104,105,108,109,113,114,117,121,125,128,130,134,133,138,144,149,151,156,159,163,167,171,176,180,182,188,192,193,198,203,205,208,215,215,220,223,227,230,234,238,242,243,244,248,249,253,256,260,262,263,266,272,271,276,279,283,283,286,289,291,292,293,299,302,300,304,306,312,314,316,319,322,324,327,331,332,334,336,342,346,347,354,355,359,362,365,368,367,371,373,378,378,383,386,389,393,392,394,399,402,404,409,410,413,415,417,418,425,426,429,432,433,436,438,439,442,447,448,451,451,453,459,460,461,467,466,469,473,476,480,484,482,486,489,491,492,496,497,500,503,501,508,506,509,515,515,518,520,522,525,530,529,533,533,536,539,539,542,547,547,550,552,554,555,557,563,563,563,569,572,574,575,577,580,580,583,587,586,590,594,593,598,601,601,603,605,612,612,614,617,617,619,625,624,632,630,636,634,637,638,641,640,646,649,646,651,654,659,657,664,665,662,669,668,671,672,675,679,678,677,687,683,685,685,688,694,690,692,696,696,700,700,705,707,706,704,707,709,711,714,717,717,716,714,718,721,719,722,725,726,727,726,725,732,733,733,736,732,735,740,738,738,742,742,743,744,745,745,746,745,749,744,752,750,754,751,755,757,752,755,758,757,757,760,759,760,761,764,764,769,763,767,767,769,767,771,771,769,772,774,771,772,772,774,776,775,777,779,779,777,779,780,779,783,785,780,782,782,783,789,782,784,786,787,786,789,787,788,788,788,792,790,789,792,794,792,796
D19,Sample X19,82,81,82,78,81,79,81,78,78,78,78,78,78,78,77,78,81,83,84,85,86,88,88,91,94,96,95,97,100,101,104,106,108,112,112,112,118,121,122,124,127,133,134,136,138,142,142,143,148,152,154,156,161,162,164,167,169,171,176,178,179,180,184,188,188,191,193,193,195,200,201,203,203,210,210,211,214,218,217,222,222,225,228,229,230,235,236,236,234,240,239,245,248,249,254,252,255,259,261,261,264,266,267,271,274,275,278,279,280,284,286,288,287,292,292,294,298,301,300,302,302,307,307,310,311,315,317,318,322,322,325,326,327,329,330,333,336,338,336,340,341,344,347,350,350,350,351,356,357,358,356,358,365,364,364,365,368,370,374,373,379,376,378,378,383,384,386,387,386,389,389,394,394,394,392,399,398,398,401,401,404,407,405,409,407,411,413,410,412,414,415,419,418,418,422,422,420,422,426,424,427,426,430,427,430,432,431,434,432,432,436,438,438,438,438,437,438,439,440,441,439,439,442,443,442,445,449,446,445,449,450,448,449,449,453,451,454,452,452,454,453,454,450,456,457,458,457,457,459,459,459,459,459,459,458,461,462,460,463,461,461,462,462,464,462,464,464,464,464,462,464,463,463,466,460,466,464,465,467,467,467,463,469,468,466,468,467,466,468,467,467,468,465,466,468,468,467,467,468,465,467,471,466,466,469,467,469,469,466,470,470,468,470,468,468,469,468,470,472,470,472,473,472,473,471,470,470,472,471,473,471,471,471,471,471,472,472,472,473,471,473,472,477,475,475,473,472,476,474,472,474,473,472,472,475,473,477,475,472,474
D21,Sample X20,80,80,80,76,80,77,77,77,78,75,77,77,78,79,81,80,85,86,87,89,89,92,93,95,99,101,102,105,106,107,112,113,114,118,120,121,124,128,128,130,133,137,138,138,142,142,144,151,150,148,153,154,156,158,159,161,164,162,164,167,170,172,171,174,174,177,176,180,183,184,186,187,189,188,190,193,197,199,200,201,203,206,206,205,210,214,214,211,217,222,219,219,225,225,226,229,229,233,235,235,237,238,241,245,242,247,248,250,252,256,258,259,260,262,263,267,267,269,272,273,274,275,277,278,279,280,283,283,285,287,287,288,291,291,290,290,292,294,294,298,297,298,299,298,300,302,304,303,304,307,304,308,308,309,309,312,312,311,311,313,314,315,316,315,316,315,316,318,318,318,318,318,320,320,320,320,322,320,318,322,322,323,323,323,323,323,325,324,324,327,325,326,324,327,326,329,328,329,328,330,327,328,325,328,328,330,333,332,331,329,330,330,332,330,329,334,334,335,334,330,332,336,334,332,334,334,334,335,335,335,335,335,335,338,336,336,340,341,338,338,341,339,340,341,342,341,342,340,342,340,340,343,341,343,345,343,344,342,343,344,345,343,344,344,345,346,346,346,345,346,347,345,347,348,346,347,350,347,346,349,350,349,348,350,351,351,351,351,352,351,352,352,351,352,352,351,353,351,354,353,351,353,352,354,353,352,357,356,355,354,354,356,356,357,355,357,357,359,357,358,357,360,358,358,359,359,360,360,362,362,360,360,360,362,362,363,360,362,361,363,361,360,364,362,364,369,367,365,365,366,368,365,365,367,365,366,366,366,368,369
