User: USER,Path: C:\Program Files (x86)\BMG\Omega\User\Data\,Test ID: 567,,,,,,,,,,,,,,,,,,,,,,,,,,,,,,,,,,,,,,,,,,,,,,,,,,,,,,,,,,,,,,,,,,,,,,,,,,,,,,,,,,,,,,,,,,,,
Test Name: AP_MS_GFP,Date: 02/06/2022,Time: 12:04:18,,,,,,,,,,,,,,,,,,,,,,,,,,,,,,,,,,,,,,,,,,,,,,,,,,,,,,,,,,,,,,,,,,,,,,,,,,,,,,,,,,,,,,,,,,,,
"Fluorescence (FI), multichromatic",,,,,,,,,,,,,,,,,,,,,,,,,,,,,,,,,,,,,,,,,,,,,,,,,,,,,,,,,,,,,,,,,,,,,,,,,,,,,,,,,,,,,,,,,,,,,,
Used kinetic range(s): Range 1; ,,,,,,,,,,,,,,,,,,,,,,,,,,,,,,,,,,,,,,,,,,,,,,,,,,,,,,,,,,,,,,,,,,,,,,,,,,,,,,,,,,,,,,,,,,,,,,
,,,,,,,,,,,,,,,,,,,,,,,,,,,,,,,,,,,,,,,,,,,,,,,,,,,,,,,,,,,,,,,,,,,,,,,,,,,,,,,,,,,,,,,,,,,,,,
Well,Content,Raw Data (635/680 4),Raw Data (635/680 4),Raw Data (635/680 4),Raw Data (635/680 4),Raw Data (635/680 4),Raw Data (635/680 4),Raw Data (635/680 4),Raw Data (635/680 4),Raw Data (635/680 4),Raw Data (635/680 4),Raw Data (635/680 4),Raw Data (635/680 4),Raw Data (635/680 4),Raw Data (635/680 4),Raw Data (635/680 4),Raw Data (635/680 4),Raw Data (635/680 4),Raw Data (635/680 4),Raw Data (635/680 4),Raw Data (635/680 4),Raw Data (635/680 4),Raw Data (635/680 4),Raw Data (635/680 4),Raw Data (635/680 4),Raw Data (635/680 4),Raw Data (635/680 4),Raw Data (635/680 4),Raw Data (635/680 4),Raw Data (635/680 4),Raw Data (635/680 4),Raw Data (635/680 4),Raw Data (635/680 4),Raw Data (635/680 4),Raw Data (635/680 4),Raw Data (635/680 4),Raw Data (635/680 4),Raw Data (635/680 4),Raw Data (635/680 4),Raw Data (635/680 4),Raw Data (635/680 4),Raw Data (635/680 4),Raw Data (635/680 4),Raw Data (635/680 4),Raw Data (635/680 4),Raw Data (635/680 4),Raw Data (635/680 4),Raw Data (635/680 4),Raw Data (635/680 4),Raw Data (635/680 4),Raw Data (635/680 4),Raw Data (635/680 4),Raw Data (635/680 4),Raw Data (635/680 4),Raw Data (635/680 4),Raw Data (635/680 4),Raw Data (635/680 4),Raw Data (635/680 4),Raw Data (635/680 4),Raw Data (635/680 4),Raw Data (635/680 4),Raw Data (635/680 4),Raw Data (635/680 4),Raw Data (635/680 4),Raw Data (635/680 4),Raw Data (635/680 4),Raw Data (635/680 4),Raw Data (635/680 4),Raw Data (635/680 4),Raw Data (635/680 4),Raw Data (635/680 4),Raw Data (635/680 4),Raw Data (635/680 4),Raw Data (635/680 4),Raw Data (635/680 4),Raw Data (635/680 4),Raw Data (635/680 4),Raw Data (635/680 4),Raw Data (635/680 4),Raw Data (635/680 4),Raw Data (635/680 4),Raw Data (635/680 4),Raw Data (635/680 4),Raw Data (635/680 4),Raw Data (635/680 4),Raw Data (635/680 4),Raw Data (635/680 4),Raw Data (635/680 4),Raw Data (635/680 4),Raw Data (635/680 4),Raw Data (635/680 4),Raw Data (635/680 4),Raw Data (635/680 4),Raw Data (635/680 4)
,Time,0 min ,2 min ,4 min ,6 min ,8 min ,10 min ,12 min ,14 min ,16 min ,18 min ,20 min ,22 min ,24 min ,26 min ,28 min ,30 min ,32 min ,34 min ,36 min ,38 min ,40 min ,42 min ,44 min ,46 min ,48 min ,50 min ,52 min ,54 min ,56 min ,58 min ,60 min ,62 min ,64 min ,66 min ,68 min ,70 min ,72 min ,74 min ,76 min ,78 min ,80 min ,82 min ,84 min ,86 min ,88 min ,90 min ,92 min ,94 min ,96 min ,98 min ,100 min ,102 min ,104 min ,106 min ,108 min ,110 min ,112 min ,114 min ,116 min ,118 min ,120 min ,122 min ,124 min ,126 min ,128 min ,130 min ,132 min ,134 min ,136 min ,138 min ,140 min ,142 min ,144 min ,146 min ,148 min ,150 min ,152 min ,154 min ,156 min ,158 min ,160 min ,162 min ,164 min ,166 min ,168 min ,170 min ,172 min ,174 min ,176 min ,178 min ,180 min ,182 min ,184 min 
C03,Sample X1,14488,14494,14086,14595,14577,14650,14295,14612,14855,14336,14379,14604,14366,14931,14795,14820,14623,15045,14836,14874,14793,15042,15077,14967,14822,14813,14780,14961,15128,15230,14793,14810,15053,14893,14492,14707,14976,14774,14848,14895,14745,15102,15094,15048,15041,15131,14956,15386,15039,14971,14861,15345,15026,14769,14668,15388,15170,15005,14864,14819,14691,15067,14699,15215,15043,15304,15128,15153,14886,15054,14927,15053,14707,15023,15241,15120,15059,14635,14847,14657,15087,14964,14862,14858,15385,15028,14892,15374,14749,14841,15160,14988,15018
C05,Sample X2,15150,14602,14811,14925,14507,14718,14619,14989,14512,14704,14895,14862,14959,15060,14958,15532,15186,15325,15103,15271,15383,14876,15151,14863,15171,14865,15188,15084,15007,15162,14937,15258,15003,15207,15319,15190,15446,15360,14962,15288,15516,15021,15406,15833,15324,15098,15599,15329,15582,15444,15503,15246,15352,15617,15089,15237,15494,15862,15898,15642,15398,15920,15663,15570,15431,15403,15430,15457,15513,15462,15578,15654,15578,15889,15725,15610,15871,15464,15985,15527,16244,16126,15555,15760,15306,15393,15471,15249,15663,16227,15408,15832,15692
C07,Sample X3,15512,15281,14998,15325,15208,15488,15478,15224,15597,15303,15439,15281,15279,14823,14973,15330,15197,15112,15516,15554,15518,15458,15552,15683,15783,16104,16074,16127,15723,15588,15722,15942,16311,15944,16055,15991,16014,15665,15713,15790,16101,16138,15898,16208,16007,16080,15846,16261,16027,16225,15881,16506,15896,16322,16354,16101,16122,16076,15719,15995,15796,16410,16015,15883,16104,16248,15822,15916,16162,16000,16058,16326,15783,15897,15992,15808,16158,16049,16075,16231,16022,16361,16482,16270,16398,16067,16185,16183,16084,16057,16420,16067,16171
C09,Sample X4,14804,14953,14954,15047,14849,14836,14761,15032,15038,14691,15099,14789,14546,14696,14548,14761,14658,14780,15131,14725,14570,15095,15134,15436,15351,15041,15030,15422,15290,15370,15215,15622,14885,15374,15403,15302,15830,15645,15198,15309,15361,15731,15828,15840,15280,15929,15475,15730,15600,15675,15636,15038,15787,16105,15481,15735,15850,15281,16016,15404,15881,15608,15766,15527,15757,15666,15571,15368,15670,15601,15538,15497,15305,15722,15648,15656,15864,15570,15700,15629,16075,15802,15726,15975,15692,15534,15993,15897,15418,15940,16027,15417,15369
C11,Sample X5,14438,14922,14563,14808,14363,15028,14918,14948,15336,15338,15142,14834,14756,15029,14394,14662,15023,14388,14836,15363,14918,14994,15016,15191,15043,14665,15241,15381,15708,14950,15199,15673,15473,15274,15021,14817,15394,15608,15420,15481,15531,15846,15596,15877,15300,15356,15155,15263,15438,15640,15589,15256,15540,15791,15742,15200,15310,15565,15282,15592,15769,15710,15383,15674,16107,15126,15791,16088,15815,15692,15122,15767,15513,15625,15635,15360,15687,15667,15715,15837,15450,15981,15631,15322,15664,15391,15890,15655,16033,15466,15481,16134,15642
C13,Sample X6,15068,15068,14584,14518,14843,15051,15061,14990,15453,15245,15011,15074,14955,14992,15058,14652,14831,14711,15131,14963,14847,15246,14765,15040,15445,15599,15188,15479,15724,14794,15435,15608,15193,15402,15215,15187,15307,15294,15504,15594,15488,15908,15598,15430,15565,15318,15732,15589,15721,15568,15648,15537,15334,15621,16093,15646,15373,15785,15586,16091,15327,15881,15628,16016,15818,15752,15464,15750,15369,15737,15987,15633,15154,15780,15879,15810,16029,15902,15907,15677,15991,15749,15741,15535,15868,15722,15938,15637,15820,15749,15744,15621,15492
C15,Sample X7,14679,14570,14810,14707,14561,14612,14854,14676,15315,14767,15166,14891,15026,14925,14964,14608,14732,15034,15103,15041,14892,14783,15126,14815,15091,15690,14960,15252,15576,15079,14996,15088,15486,15128,15074,15200,15320,15450,15487,15206,15219,15366,15385,15347,15329,15496,15261,14966,15427,15335,15383,15042,15245,15389,15398,15063,15463,15471,15614,15609,15552,15188,15390,15780,15479,15276,15215,15993,15684,15397,15652,15804,15185,15852,15421,15389,15516,15229,15602,15472,15357,15478,15748,15529,15659,15487,15215,15416,15188,15354,15415,15583,15628
C17,Sample X8,14188,14379,14694,14899,14992,14900,14663,14201,14677,14347,14742,14549,14465,14930,14651,14337,14698,14547,14189,14390,14156,14030,14478,14640,14669,14496,14694,14621,14881,15028,14675,14682,14808,14873,15055,15288,14860,14927,14931,14933,14694,15078,15104,14866,15179,15229,14595,15453,15168,15136,14903,15156,15065,14971,15062,14789,14886,15066,14954,15539,14744,14858,15236,15136,14991,15077,14999,15007,15234,14836,14944,15522,15292,15276,15325,15088,14877,15204,14868,15165,15454,15339,15159,15762,15354,15219,15149,15020,15243,15164,14921,15170,15194
C19,Sample X9,14217,14524,14601,14546,14336,14516,14771,14890,14895,14912,14637,15070,14928,14986,14592,14304,15194,14912,14939,14624,15018,14880,15051,14873,15166,14855,14938,14776,14654,14622,15165,14858,14962,15059,15286,15059,14773,15006,14840,15055,15284,15260,15284,14992,15224,15151,14785,15762,15321,15251,15088,15257,15705,14752,15248,15277,14943,14951,15028,15579,15312,15594,15365,15093,15354,15662,15054,15340,15271,15469,15121,15388,15380,15431,15352,15420,15329,15063,15188,15046,15074,15492,15414,14989,15421,15269,15283,15584,15469,15275,15430,15316,15305
C21,Sample X10,14705,14093,14556,14406,14427,14705,14632,14742,15182,14748,14866,14565,14639,14981,14495,14507,14588,14880,14981,15157,14822,14909,14727,15320,15558,14966,15197,15305,14932,14648,14850,14387,14792,14250,14750,14974,14815,14933,14654,15577,14856,15171,14872,15186,14835,15151,15008,14700,15150,14943,14841,14953,14785,15173,15228,14957,15206,14929,14958,15464,15463,15165,14979,14855,15287,15050,15224,15055,15252,15230,14815,15452,15586,15154,15349,14949,14519,15239,15490,15226,15395,14964,15283,15075,15165,15286,15018,14798,15088,15306,15276,15238,15355
,,,,,,,,,,,,,,,,,,,,,,,,,,,,,,,,,,,,,,,,,,,,,,,,,,,,,,,,,,,,,,,,,,,,,,,,,,,,,,,,,,,,,,,,,,,,,,
,,,,,,,,,,,,,,,,,,,,,,,,,,,,,,,,,,,,,,,,,,,,,,,,,,,,,,,,,,,,,,,,,,,,,,,,,,,,,,,,,,,,,,,,,,,,,,
,,,,,,,,,,,,,,,,,,,,,,,,,,,,,,,,,,,,,,,,,,,,,,,,,,,,,,,,,,,,,,,,,,,,,,,,,,,,,,,,,,,,,,,,,,,,,,
Well,Content,Raw Data (485/520 1),Raw Data (485/520 1),Raw Data (485/520 1),Raw Data (485/520 1),Raw Data (485/520 1),Raw Data (485/520 1),Raw Data (485/520 1),Raw Data (485/520 1),Raw Data (485/520 1),Raw Data (485/520 1),Raw Data (485/520 1),Raw Data (485/520 1),Raw Data (485/520 1),Raw Data (485/520 1),Raw Data (485/520 1),Raw Data (485/520 1),Raw Data (485/520 1),Raw Data (485/520 1),Raw Data (485/520 1),Raw Data (485/520 1),Raw Data (485/520 1),Raw Data (485/520 1),Raw Data (485/520 1),Raw Data (485/520 1),Raw Data (485/520 1),Raw Data (485/520 1),Raw Data (485/520 1),Raw Data (485/520 1),Raw Data (485/520 1),Raw Data (485/520 1),Raw Data (485/520 1),Raw Data (485/520 1),Raw Data (485/520 1),Raw Data (485/520 1),Raw Data (485/520 1),Raw Data (485/520 1),Raw Data (485/520 1),Raw Data (485/520 1),Raw Data (485/520 1),Raw Data (485/520 1),Raw Data (485/520 1),Raw Data (485/520 1),Raw Data (485/520 1),Raw Data (485/520 1),Raw Data (485/520 1),Raw Data (485/520 1),Raw Data (485/520 1),Raw Data (485/520 1),Raw Data (485/520 1),Raw Data (485/520 1),Raw Data (485/520 1),Raw Data (485/520 1),Raw Data (485/520 1),Raw Data (485/520 1),Raw Data (485/520 1),Raw Data (485/520 1),Raw Data (485/520 1),Raw Data (485/520 1),Raw Data (485/520 1),Raw Data (485/520 1),Raw Data (485/520 1),Raw Data (485/520 1),Raw Data (485/520 1),Raw Data (485/520 1),Raw Data (485/520 1),Raw Data (485/520 1),Raw Data (485/520 1),Raw Data (485/520 1),Raw Data (485/520 1),Raw Data (485/520 1),Raw Data (485/520 1),Raw Data (485/520 1),Raw Data (485/520 1),Raw Data (485/520 1),Raw Data (485/520 1),Raw Data (485/520 1),Raw Data (485/520 1),Raw Data (485/520 1),Raw Data (485/520 1),Raw Data (485/520 1),Raw Data (485/520 1),Raw Data (485/520 1),Raw Data (485/520 1),Raw Data (485/520 1),Raw Data (485/520 1),Raw Data (485/520 1),Raw Data (485/520 1),Raw Data (485/520 1),Raw Data (485/520 1),Raw Data (485/520 1),Raw Data (485/520 1),Raw Data (485/520 1),Raw Data (485/520 1)
,Time,0 min ,2 min ,4 min ,6 min ,8 min ,10 min ,12 min ,14 min ,16 min ,18 min ,20 min ,22 min ,24 min ,26 min ,28 min ,30 min ,32 min ,34 min ,36 min ,38 min ,40 min ,42 min ,44 min ,46 min ,48 min ,50 min ,52 min ,54 min ,56 min ,58 min ,60 min ,62 min ,64 min ,66 min ,68 min ,70 min ,72 min ,74 min ,76 min ,78 min ,80 min ,82 min ,84 min ,86 min ,88 min ,90 min ,92 min ,94 min ,96 min ,98 min ,100 min ,102 min ,104 min ,106 min ,108 min ,110 min ,112 min ,114 min ,116 min ,118 min ,120 min ,122 min ,124 min ,126 min ,128 min ,130 min ,132 min ,134 min ,136 min ,138 min ,140 min ,142 min ,144 min ,146 min ,148 min ,150 min ,152 min ,154 min ,156 min ,158 min ,160 min ,162 min ,164 min ,166 min ,168 min ,170 min ,172 min ,174 min ,176 min ,178 min ,180 min ,182 min ,184 min 
C03,Sample X1,74,74,75,72,72,72,74,72,73,72,72,71,72,74,73,73,71,72,74,74,72,76,73,73,72,74,72,72,73,73,75,75,74,74,73,74,74,71,74,72,74,75,74,74,71,72,73,74,74,74,75,74,76,74,73,74,76,74,74,74,74,74,74,74,75,75,73,76,75,76,75,75,75,74,75,77,75,75,74,74,75,75,75,72,76,77,75,75,75,74,76,77,76
C05,Sample X2,80,76,75,73,73,74,75,76,73,75,73,74,74,74,75,74,75,75,74,76,75,78,72,76,74,75,76,74,76,74,76,72,75,75,74,73,76,75,73,74,77,74,76,73,74,74,76,75,74,75,76,78,77,76,77,78,76,80,80,82,79,81,81,80,81,82,83,84,84,83,85,84,86,86,88,86,89,89,88,88,90,90,90,91,92,93,92,91,93,93,94,96,95
C07,Sample X3,77,75,76,73,74,74,74,75,74,72,74,73,72,72,74,75,74,76,74,76,74,72,72,75,74,76,72,76,76,75,74,76,76,74,74,75,75,73,74,75,75,74,76,76,74,74,73,75,75,75,75,76,75,77,77,75,76,78,79,79,78,78,78,81,78,80,81,81,80,82,82,84,83,82,84,87,85,84,85,84,86,85,87,87,87,90,88,89,90,90,91,93,93
C09,Sample X4,77,74,76,74,75,72,74,75,73,73,76,74,72,74,74,74,74,73,72,72,74,78,77,74,73,76,76,75,75,74,76,77,76,74,75,73,74,74,74,74,75,75,73,74,73,75,76,74,75,75,75,76,77,76,77,78,77,76,78,79,78,77,80,80,80,81,82,81,84,82,83,85,84,85,86,86,89,87,87,88,90,91,87,90,92,91,94,93,93,92,94,93,93
C11,Sample X5,76,74,73,73,73,71,73,72,72,73,74,72,74,73,73,71,73,73,72,73,73,72,73,73,74,73,73,73,72,72,72,74,73,72,74,74,73,74,73,71,72,74,73,72,71,76,73,73,74,72,73,74,73,73,73,72,73,73,71,75,72,73,74,73,74,73,74,75,73,73,72,73,73,71,72,75,70,72,72,73,72,74,74,73,72,73,73,71,72,71,74,72,71
C13,Sample X6,80,75,75,74,72,75,73,75,74,72,76,74,75,76,73,73,72,75,75,74,75,76,75,73,75,75,73,75,75,75,75,75,76,76,74,75,74,77,73,75,74,75,74,74,74,76,75,77,76,78,74,76,79,77,77,78,79,78,79,83,81,78,82,82,82,82,84,85,86,86,85,88,86,88,88,89,89,89,90,92,94,92,94,95,94,94,96,96,98,98,97,100,99
C15,Sample X7,79,75,74,74,73,72,74,74,72,73,73,74,74,75,75,72,73,73,74,72,75,74,74,73,72,74,74,75,75,76,74,73,77,74,72,74,75,73,75,74,72,74,75,75,73,74,75,76,75,74,74,74,75,76,75,75,77,75,74,77,74,77,79,78,79,80,79,81,81,79,83,82,83,82,82,83,87,85,85,85,87,86,85,87,86,90,88,89,89,91,91,88,91
C17,Sample X8,75,72,72,72,71,70,72,71,69,70,70,71,70,71,70,71,71,69,71,72,70,70,72,71,71,71,70,70,71,71,70,71,73,71,71,71,72,71,70,72,70,69,73,70,71,73,73,71,73,73,73,72,71,71,70,73,72,70,71,70,72,71,72,70,72,70,73,72,70,73,72,73,73,72,71,70,72,70,71,72,72,71,71,71,70,72,72,68,72,72,72,72,73
C19,Sample X9,83,79,77,80,76,76,78,77,76,78,77,77,78,80,77,79,77,78,77,79,75,77,76,78,77,78,78,79,76,78,77,77,79,76,77,77,76,76,77,76,77,78,77,77,77,78,79,77,78,80,78,79,78,77,80,78,78,80,79,79,78,80,81,83,82,80,81,83,84,82,84,84,84,85,85,85,85,84,86,86,84,86,88,90,87,87,90,88,91,92,92,94,93
C21,Sample X10,79,74,73,73,72,71,72,73,71,73,74,73,73,72,74,72,73,73,73,74,74,74,72,72,74,75,75,74,72,75,73,71,75,73,73,72,72,72,72,73,72,74,73,75,74,75,77,76,75,74,77,78,77,77,76,77,79,79,80,82,79,81,82,82,82,83,84,83,85,86,86,88,88,86,88,89,89,90,90,92,94,92,93,93,94,96,97,96,98,98,97,98,99
,,,,,,,,,,,,,,,,,,,,,,,,,,,,,,,,,,,,,,,,,,,,,,,,,,,,,,,,,,,,,,,,,,,,,,,,,,,,,,,,,,,,,,,,,,,,,,
,,,,,,,,,,,,,,,,,,,,,,,,,,,,,,,,,,,,,,,,,,,,,,,,,,,,,,,,,,,,,,,,,,,,,,,,,,,,,,,,,,,,,,,,,,,,,,
,,,,,,,,,,,,,,,,,,,,,,,,,,,,,,,,,,,,,,,,,,,,,,,,,,,,,,,,,,,,,,,,,,,,,,,,,,,,,,,,,,,,,,,,,,,,,,
Well,Content,Raw Data (485/520 2),Raw Data (485/520 2),Raw Data (485/520 2),Raw Data (485/520 2),Raw Data (485/520 2),Raw Data (485/520 2),Raw Data (485/520 2),Raw Data (485/520 2),Raw Data (485/520 2),Raw Data (485/520 2),Raw Data (485/520 2),Raw Data (485/520 2),Raw Data (485/520 2),Raw Data (485/520 2),Raw Data (485/520 2),Raw Data (485/520 2),Raw Data (485/520 2),Raw Data (485/520 2),Raw Data (485/520 2),Raw Data (485/520 2),Raw Data (485/520 2),Raw Data (485/520 2),Raw Data (485/520 2),Raw Data (485/520 2),Raw Data (485/520 2),Raw Data (485/520 2),Raw Data (485/520 2),Raw Data (485/520 2),Raw Data (485/520 2),Raw Data (485/520 2),Raw Data (485/520 2),Raw Data (485/520 2),Raw Data (485/520 2),Raw Data (485/520 2),Raw Data (485/520 2),Raw Data (485/520 2),Raw Data (485/520 2),Raw Data (485/520 2),Raw Data (485/520 2),Raw Data (485/520 2),Raw Data (485/520 2),Raw Data (485/520 2),Raw Data (485/520 2),Raw Data (485/520 2),Raw Data (485/520 2),Raw Data (485/520 2),Raw Data (485/520 2),Raw Data (485/520 2),Raw Data (485/520 2),Raw Data (485/520 2),Raw Data (485/520 2),Raw Data (485/520 2),Raw Data (485/520 2),Raw Data (485/520 2),Raw Data (485/520 2),Raw Data (485/520 2),Raw Data (485/520 2),Raw Data (485/520 2),Raw Data (485/520 2),Raw Data (485/520 2),Raw Data (485/520 2),Raw Data (485/520 2),Raw Data (485/520 2),Raw Data (485/520 2),Raw Data (485/520 2),Raw Data (485/520 2),Raw Data (485/520 2),Raw Data (485/520 2),Raw Data (485/520 2),Raw Data (485/520 2),Raw Data (485/520 2),Raw Data (485/520 2),Raw Data (485/520 2),Raw Data (485/520 2),Raw Data (485/520 2),Raw Data (485/520 2),Raw Data (485/520 2),Raw Data (485/520 2),Raw Data (485/520 2),Raw Data (485/520 2),Raw Data (485/520 2),Raw Data (485/520 2),Raw Data (485/520 2),Raw Data (485/520 2),Raw Data (485/520 2),Raw Data (485/520 2),Raw Data (485/520 2),Raw Data (485/520 2),Raw Data (485/520 2),Raw Data (485/520 2),Raw Data (485/520 2),Raw Data (485/520 2),Raw Data (485/520 2)
,Time,0 min ,2 min ,4 min ,6 min ,8 min ,10 min ,12 min ,14 min ,16 min ,18 min ,20 min ,22 min ,24 min ,26 min ,28 min ,30 min ,32 min ,34 min ,36 min ,38 min ,40 min ,42 min ,44 min ,46 min ,48 min ,50 min ,52 min ,54 min ,56 min ,58 min ,60 min ,62 min ,64 min ,66 min ,68 min ,70 min ,72 min ,74 min ,76 min ,78 min ,80 min ,82 min ,84 min ,86 min ,88 min ,90 min ,92 min ,94 min ,96 min ,98 min ,100 min ,102 min ,104 min ,106 min ,108 min ,110 min ,112 min ,114 min ,116 min ,118 min ,120 min ,122 min ,124 min ,126 min ,128 min ,130 min ,132 min ,134 min ,136 min ,138 min ,140 min ,142 min ,144 min ,146 min ,148 min ,150 min ,152 min ,154 min ,156 min ,158 min ,160 min ,162 min ,164 min ,166 min ,168 min ,170 min ,172 min ,174 min ,176 min ,178 min ,180 min ,182 min ,184 min 
C03,Sample X1,2943,2865,2848,2787,2831,2818,2817,2815,2787,2825,2837,2816,2855,2851,2846,2817,2830,2816,2852,2866,2810,2829,2835,2837,2817,2830,2847,2896,2858,2837,2864,2905,2884,2830,2859,2881,2908,2897,2878,2867,2851,2904,2845,2889,2866,2905,2938,2896,2917,2952,2905,2934,2913,2904,2920,2925,2910,2911,2888,2892,2908,2943,2912,2913,2916,2913,2911,2908,2924,2934,2943,2934,2937,2908,2922,2944,2949,2983,2935,2965,2932,2931,2968,2924,2970,2921,2956,2957,2936,2921,2951,2964,2962
C05,Sample X2,3090,2913,2872,2882,2860,2851,2868,2851,2910,2885,2894,2910,2873,2894,2920,2897,2899,2860,2889,2877,2944,2927,2928,2941,2926,2918,2915,2925,2939,2899,2918,2936,2920,2921,2944,2900,2958,2965,2889,2932,2882,2907,2909,2936,2928,2939,2929,2944,2987,2976,3000,2991,3008,3034,3031,3071,3103,3110,3164,3156,3181,3202,3210,3206,3256,3290,3274,3355,3342,3354,3402,3424,3437,3480,3487,3510,3566,3543,3621,3616,3617,3664,3698,3724,3780,3777,3755,3842,3851,3872,3910,3944,3960
C07,Sample X3,3043,2916,2885,2910,2863,2862,2858,2890,2883,2848,2878,2889,2886,2909,2893,2893,2878,2889,2866,2909,2905,2891,2919,2918,2922,2899,2910,2886,2921,2938,2962,2897,2902,2921,2918,2927,2890,2910,2886,2895,2895,2924,2932,2900,2891,2922,2923,2931,2884,2916,2942,2915,2930,2962,2969,3017,3016,3037,3046,3059,3103,3049,3130,3107,3167,3184,3199,3232,3201,3228,3285,3290,3320,3309,3326,3341,3391,3416,3436,3476,3486,3523,3496,3519,3554,3626,3621,3670,3661,3679,3715,3743,3782
C09,Sample X4,2996,2934,2897,2873,2860,2864,2838,2878,2877,2845,2865,2868,2901,2866,2872,2874,2893,2890,2910,2914,2877,2896,2912,2929,2929,2925,2899,2926,2878,2924,2928,2944,2922,2911,2922,2877,2903,2884,2907,2897,2898,2889,2926,2916,2915,2893,2918,2916,2943,2959,2949,2970,2977,2971,3025,3037,3024,3064,3061,3111,3130,3149,3160,3166,3181,3214,3251,3275,3278,3316,3312,3376,3357,3412,3414,3437,3486,3478,3515,3528,3575,3604,3627,3645,3681,3699,3708,3762,3821,3840,3849,3857,3917
C11,Sample X5,3001,2885,2884,2848,2851,2842,2857,2826,2821,2862,2816,2813,2822,2804,2845,2831,2840,2843,2813,2823,2848,2869,2806,2843,2845,2838,2873,2846,2870,2852,2844,2826,2854,2845,2860,2846,2839,2850,2840,2856,2843,2839,2888,2883,2849,2849,2840,2839,2851,2844,2838,2821,2824,2812,2876,2847,2826,2823,2812,2824,2812,2829,2844,2877,2839,2815,2821,2804,2820,2808,2814,2851,2817,2816,2823,2785,2844,2810,2790,2799,2787,2800,2803,2788,2785,2801,2856,2801,2795,2820,2809,2812,2792
C13,Sample X6,3066,2954,2932,2903,2863,2842,2852,2901,2869,2917,2881,2851,2868,2877,2870,2885,2876,2878,2921,2945,2938,2947,2904,2915,2950,2926,2948,2905,2918,2929,2927,2939,2904,2962,2934,2905,2897,2888,2937,2924,2942,2959,2964,2954,2939,2973,2965,2997,2978,2974,3010,3001,3021,3062,3093,3054,3122,3132,3141,3158,3244,3222,3239,3257,3276,3332,3365,3391,3398,3389,3447,3500,3516,3521,3535,3630,3604,3632,3681,3768,3718,3766,3798,3825,3881,3906,3958,3996,4039,4091,4072,4088,4176
C15,Sample X7,3005,2905,2848,2806,2841,2844,2800,2818,2830,2847,2881,2842,2846,2868,2861,2825,2846,2862,2882,2857,2879,2877,2886,2899,2894,2853,2899,2889,2867,2932,2889,2922,2901,2907,2924,2872,2887,2892,2888,2908,2843,2894,2899,2871,2882,2868,2872,2869,2877,2905,2904,2927,2932,2932,2918,2989,2966,3030,2999,3012,3027,3039,3076,3082,3106,3168,3155,3174,3202,3199,3224,3255,3230,3288,3300,3337,3344,3371,3375,3416,3424,3445,3449,3472,3536,3544,3567,3597,3598,3665,3649,3705,3698
C17,Sample X8,2806,2764,2755,2705,2738,2746,2708,2717,2711,2741,2701,2724,2727,2733,2731,2716,2732,2747,2694,2723,2706,2716,2687,2728,2702,2734,2747,2737,2761,2763,2771,2737,2718,2746,2762,2708,2707,2745,2710,2694,2755,2761,2764,2744,2754,2764,2755,2760,2763,2733,2753,2760,2746,2765,2747,2723,2760,2793,2772,2761,2748,2743,2759,2730,2744,2746,2790,2743,2765,2773,2789,2782,2757,2720,2782,2774,2779,2773,2769,2822,2798,2751,2736,2788,2782,2769,2789,2762,2786,2794,2738,2742,2748
C19,Sample X9,3123,3086,3064,3057,3007,2986,3019,2994,3041,2987,3024,3005,3034,3039,3028,3087,3001,3076,3075,3065,3059,3061,3082,3017,3062,3035,3078,3037,3054,3076,3048,3075,3067,3036,3048,2996,3025,3093,3059,3038,3038,3049,3060,3039,3055,3062,3079,3079,3075,3048,3075,3079,3069,3063,3076,3073,3117,3130,3148,3154,3162,3195,3204,3211,3198,3176,3286,3276,3284,3317,3360,3353,3380,3353,3393,3412,3427,3479,3464,3478,3509,3513,3553,3542,3611,3624,3619,3666,3681,3677,3703,3733,3747
C21,Sample X10,2912,2843,2851,2803,2791,2803,2793,2775,2767,2801,2834,2832,2809,2804,2812,2843,2840,2832,2843,2836,2867,2861,2871,2864,2874,2867,2867,2874,2858,2839,2884,2882,2874,2870,2831,2853,2827,2855,2849,2880,2866,2859,2899,2873,2891,2905,2949,2941,2935,2991,2962,2981,3022,3038,3039,3109,3053,3117,3151,3188,3234,3192,3234,3259,3301,3299,3365,3413,3446,3428,3460,3476,3512,3546,3570,3574,3599,3647,3691,3714,3756,3780,3768,3797,3805,3916,3914,3963,3990,4032,4080,4091,4185
,,,,,,,,,,,,,,,,,,,,,,,,,,,,,,,,,,,,,,,,,,,,,,,,,,,,,,,,,,,,,,,,,,,,,,,,,,,,,,,,,,,,,,,,,,,,,,
,,,,,,,,,,,,,,,,,,,,,,,,,,,,,,,,,,,,,,,,,,,,,,,,,,,,,,,,,,,,,,,,,,,,,,,,,,,,,,,,,,,,,,,,,,,,,,
,,,,,,,,,,,,,,,,,,,,,,,,,,,,,,,,,,,,,,,,,,,,,,,,,,,,,,,,,,,,,,,,,,,,,,,,,,,,,,,,,,,,,,,,,,,,,,
Well,Content,Raw Data (635/680 3),Raw Data (635/680 3),Raw Data (635/680 3),Raw Data (635/680 3),Raw Data (635/680 3),Raw Data (635/680 3),Raw Data (635/680 3),Raw Data (635/680 3),Raw Data (635/680 3),Raw Data (635/680 3),Raw Data (635/680 3),Raw Data (635/680 3),Raw Data (635/680 3),Raw Data (635/680 3),Raw Data (635/680 3),Raw Data (635/680 3),Raw Data (635/680 3),Raw Data (635/680 3),Raw Data (635/680 3),Raw Data (635/680 3),Raw Data (635/680 3),Raw Data (635/680 3),Raw Data (635/680 3),Raw Data (635/680 3),Raw Data (635/680 3),Raw Data (635/680 3),Raw Data (635/680 3),Raw Data (635/680 3),Raw Data (635/680 3),Raw Data (635/680 3),Raw Data (635/680 3),Raw Data (635/680 3),Raw Data (635/680 3),Raw Data (635/680 3),Raw Data (635/680 3),Raw Data (635/680 3),Raw Data (635/680 3),Raw Data (635/680 3),Raw Data (635/680 3),Raw Data (635/680 3),Raw Data (635/680 3),Raw Data (635/680 3),Raw Data (635/680 3),Raw Data (635/680 3),Raw Data (635/680 3),Raw Data (635/680 3),Raw Data (635/680 3),Raw Data (635/680 3),Raw Data (635/680 3),Raw Data (635/680 3),Raw Data (635/680 3),Raw Data (635/680 3),Raw Data (635/680 3),Raw Data (635/680 3),Raw Data (635/680 3),Raw Data (635/680 3),Raw Data (635/680 3),Raw Data (635/680 3),Raw Data (635/680 3),Raw Data (635/680 3),Raw Data (635/680 3),Raw Data (635/680 3),Raw Data (635/680 3),Raw Data (635/680 3),Raw Data (635/680 3),Raw Data (635/680 3),Raw Data (635/680 3),Raw Data (635/680 3),Raw Data (635/680 3),Raw Data (635/680 3),Raw Data (635/680 3),Raw Data (635/680 3),Raw Data (635/680 3),Raw Data (635/680 3),Raw Data (635/680 3),Raw Data (635/680 3),Raw Data (635/680 3),Raw Data (635/680 3),Raw Data (635/680 3),Raw Data (635/680 3),Raw Data (635/680 3),Raw Data (635/680 3),Raw Data (635/680 3),Raw Data (635/680 3),Raw Data (635/680 3),Raw Data (635/680 3),Raw Data (635/680 3),Raw Data (635/680 3),Raw Data (635/680 3),Raw Data (635/680 3),Raw Data (635/680 3),Raw Data (635/680 3),Raw Data (635/680 3)
,Time,0 min ,2 min ,4 min ,6 min ,8 min ,10 min ,12 min ,14 min ,16 min ,18 min ,20 min ,22 min ,24 min ,26 min ,28 min ,30 min ,32 min ,34 min ,36 min ,38 min ,40 min ,42 min ,44 min ,46 min ,48 min ,50 min ,52 min ,54 min ,56 min ,58 min ,60 min ,62 min ,64 min ,66 min ,68 min ,70 min ,72 min ,74 min ,76 min ,78 min ,80 min ,82 min ,84 min ,86 min ,88 min ,90 min ,92 min ,94 min ,96 min ,98 min ,100 min ,102 min ,104 min ,106 min ,108 min ,110 min ,112 min ,114 min ,116 min ,118 min ,120 min ,122 min ,124 min ,126 min ,128 min ,130 min ,132 min ,134 min ,136 min ,138 min ,140 min ,142 min ,144 min ,146 min ,148 min ,150 min ,152 min ,154 min ,156 min ,158 min ,160 min ,162 min ,164 min ,166 min ,168 min ,170 min ,172 min ,174 min ,176 min ,178 min ,180 min ,182 min ,184 min 
C03,Sample X1,23,22,23,23,24,24,23,24,24,24,24,24,24,22,24,25,22,26,23,25,23,23,23,25,25,23,23,25,24,24,25,25,23,23,22,21,23,24,23,23,23,23,23,24,22,24,25,23,22,26,23,23,24,23,23,24,23,23,24,23,24,23,23,24,24,25,24,24,24,24,23,24,24,23,25,22,24,22,24,24,24,22,22,25,23,25,23,24,23,22,21,26,23
C05,Sample X2,23,24,25,24,23,24,25,23,24,25,22,23,24,23,26,24,22,25,25,22,23,24,22,23,25,22,24,23,23,25,24,22,26,24,24,24,24,24,21,25,24,23,25,24,23,25,21,23,26,25,24,24,25,23,24,25,22,24,25,24,23,24,23,25,23,22,24,26,22,24,25,26,24,24,24,24,25,25,24,24,23,24,23,24,22,23,26,25,24,24,23,25,22
C07,Sample X3,25,26,25,24,23,25,25,24,24,25,21,25,22,25,25,24,24,22,24,25,23,24,24,24,24,24,23,24,23,24,24,25,24,24,25,24,24,25,24,25,25,24,25,24,23,24,24,25,24,25,25,26,24,24,25,25,24,24,24,24,24,24,25,24,25,26,25,24,23,23,26,25,27,24,24,25,22,24,24,24,24,23,25,23,21,25,27,27,23,23,25,24,23
C09,Sample X4,24,24,25,25,25,24,25,24,24,26,23,25,22,23,24,25,24,22,23,25,23,24,24,24,24,24,22,23,22,27,22,24,25,23,23,24,24,24,24,24,23,26,25,23,26,23,25,22,24,25,25,23,23,25,23,24,24,25,24,22,24,24,24,24,24,24,25,25,24,23,25,25,26,22,25,25,24,24,25,24,26,24,23,23,24,25,25,26,24,23,20,26,24
C11,Sample X5,26,25,23,23,22,26,24,24,24,25,24,23,25,23,22,22,24,23,24,25,21,23,24,23,22,22,23,25,23,22,25,25,24,22,24,25,25,25,23,26,25,25,24,25,23,26,27,25,25,26,25,25,22,25,23,24,23,24,23,24,24,25,24,23,26,26,25,23,24,26,25,26,25,24,26,24,23,25,24,24,24,25,23,26,24,23,26,24,24,24,24,24,24
C13,Sample X6,24,23,24,24,23,23,25,25,25,25,25,26,24,25,24,21,23,24,24,25,23,22,26,24,24,24,22,25,23,23,23,25,25,23,24,25,23,24,24,25,22,26,24,24,22,24,26,24,25,25,26,26,25,23,25,25,23,24,24,25,25,24,24,26,24,25,23,23,23,24,23,26,24,24,24,22,24,23,25,23,22,23,23,24,24,24,25,25,24,23,24,23,23
C15,Sample X7,24,24,25,23,24,23,24,25,23,24,22,23,24,22,24,23,24,23,23,22,23,24,23,24,24,23,25,25,24,24,23,24,23,22,23,25,23,24,23,23,25,24,23,24,22,23,26,24,24,25,26,25,25,26,24,24,24,24,23,24,23,24,27,24,24,25,23,24,24,25,25,27,25,23,26,25,26,23,23,22,24,25,23,22,24,22,22,25,23,23,25,22,24
C17,Sample X8,24,24,23,24,24,24,24,22,23,24,23,23,22,22,23,24,25,23,23,24,22,22,23,24,23,24,24,23,23,23,26,23,23,24,24,22,23,24,23,23,24,22,24,26,24,26,25,26,24,24,25,25,24,24,24,24,25,25,23,25,24,22,23,25,25,26,25,23,25,24,25,25,24,25,23,23,22,25,23,24,22,24,22,24,25,23,25,23,24,23,23,25,23
C19,Sample X9,23,24,23,23,23,24,23,23,24,24,24,25,21,25,24,23,24,24,22,24,26,24,23,26,23,24,24,24,23,23,24,24,23,22,23,23,23,23,23,24,23,23,23,23,23,26,25,24,26,23,24,24,23,27,23,23,25,23,24,25,24,25,24,26,25,23,25,23,23,24,26,24,25,24,24,24,24,24,23,23,23,24,23,26,26,23,23,25,23,24,25,24,24
C21,Sample X10,24,23,22,25,24,23,23,24,25,23,24,24,22,22,23,23,25,25,23,24,26,24,24,25,24,24,23,22,23,24,23,24,23,24,23,23,24,23,23,24,24,23,24,23,23,23,24,26,22,24,25,24,24,24,23,26,22,24,23,23,25,26,23,22,23,23,24,24,24,24,26,24,24,22,25,24,25,23,24,22,23,23,24,24,24,24,24,26,24,25,23,27,24
