User: USER,Path: C:\Program Files (x86)\BMG\Omega\User\Data\,Test ID: 568,,,,,,,,,,,,,,,,,,,,,,,,,,,,,,,,,,,,,,,,,,,,,,,,,,,,,,,,,,,,,,,,,,,,,,,,,,,,,,,,,,,,,,,,,,,,,,,,,,,,,,,,,,,,,,,,,,,,,,,,,,,,,,,,,,,,,,,,,,,,,,,,,,,,,,,,,,,,,,,,,,,,,,,,,,,,,,,,,,,,,,,,,,,,,,,,,,,,,,,,,,,,,,,,,,,,,,,,,,,,,,,,,,,,,,,,,,,,,,,,,,,,,,,,,,,,,,,,,,,,,,,,,,,,,,,,,,,,,,,,,,,,,,,,,,,,,,,,,,,,,,,,,,,,,,,,,,,,,,,,,,,,,,,,,,,,,,,,,,,,,,,,,,,,,,,,,,,,,,,
Test Name: AP_MS_GFP,Date: 07/06/2022,Time: 16:16:01,,,,,,,,,,,,,,,,,,,,,,,,,,,,,,,,,,,,,,,,,,,,,,,,,,,,,,,,,,,,,,,,,,,,,,,,,,,,,,,,,,,,,,,,,,,,,,,,,,,,,,,,,,,,,,,,,,,,,,,,,,,,,,,,,,,,,,,,,,,,,,,,,,,,,,,,,,,,,,,,,,,,,,,,,,,,,,,,,,,,,,,,,,,,,,,,,,,,,,,,,,,,,,,,,,,,,,,,,,,,,,,,,,,,,,,,,,,,,,,,,,,,,,,,,,,,,,,,,,,,,,,,,,,,,,,,,,,,,,,,,,,,,,,,,,,,,,,,,,,,,,,,,,,,,,,,,,,,,,,,,,,,,,,,,,,,,,,,,,,,,,,,,,,,,,,,,,,,,,,
Fluorescence (FI),,,,,,,,,,,,,,,,,,,,,,,,,,,,,,,,,,,,,,,,,,,,,,,,,,,,,,,,,,,,,,,,,,,,,,,,,,,,,,,,,,,,,,,,,,,,,,,,,,,,,,,,,,,,,,,,,,,,,,,,,,,,,,,,,,,,,,,,,,,,,,,,,,,,,,,,,,,,,,,,,,,,,,,,,,,,,,,,,,,,,,,,,,,,,,,,,,,,,,,,,,,,,,,,,,,,,,,,,,,,,,,,,,,,,,,,,,,,,,,,,,,,,,,,,,,,,,,,,,,,,,,,,,,,,,,,,,,,,,,,,,,,,,,,,,,,,,,,,,,,,,,,,,,,,,,,,,,,,,,,,,,,,,,,,,,,,,,,,,,,,,,,,,,,,,,,,,,,,,,,,
Used kinetic range(s): Range 1; ,,,,,,,,,,,,,,,,,,,,,,,,,,,,,,,,,,,,,,,,,,,,,,,,,,,,,,,,,,,,,,,,,,,,,,,,,,,,,,,,,,,,,,,,,,,,,,,,,,,,,,,,,,,,,,,,,,,,,,,,,,,,,,,,,,,,,,,,,,,,,,,,,,,,,,,,,,,,,,,,,,,,,,,,,,,,,,,,,,,,,,,,,,,,,,,,,,,,,,,,,,,,,,,,,,,,,,,,,,,,,,,,,,,,,,,,,,,,,,,,,,,,,,,,,,,,,,,,,,,,,,,,,,,,,,,,,,,,,,,,,,,,,,,,,,,,,,,,,,,,,,,,,,,,,,,,,,,,,,,,,,,,,,,,,,,,,,,,,,,,,,,,,,,,,,,,,,,,,,,,,
,,,,,,,,,,,,,,,,,,,,,,,,,,,,,,,,,,,,,,,,,,,,,,,,,,,,,,,,,,,,,,,,,,,,,,,,,,,,,,,,,,,,,,,,,,,,,,,,,,,,,,,,,,,,,,,,,,,,,,,,,,,,,,,,,,,,,,,,,,,,,,,,,,,,,,,,,,,,,,,,,,,,,,,,,,,,,,,,,,,,,,,,,,,,,,,,,,,,,,,,,,,,,,,,,,,,,,,,,,,,,,,,,,,,,,,,,,,,,,,,,,,,,,,,,,,,,,,,,,,,,,,,,,,,,,,,,,,,,,,,,,,,,,,,,,,,,,,,,,,,,,,,,,,,,,,,,,,,,,,,,,,,,,,,,,,,,,,,,,,,,,,,,,,,,,,,,,,,,,,,,
Well,Content,Raw Data (485/520),Raw Data (485/520),Raw Data (485/520),Raw Data (485/520),Raw Data (485/520),Raw Data (485/520),Raw Data (485/520),Raw Data (485/520),Raw Data (485/520),Raw Data (485/520),Raw Data (485/520),Raw Data (485/520),Raw Data (485/520),Raw Data (485/520),Raw Data (485/520),Raw Data (485/520),Raw Data (485/520),Raw Data (485/520),Raw Data (485/520),Raw Data (485/520),Raw Data (485/520),Raw Data (485/520),Raw Data (485/520),Raw Data (485/520),Raw Data (485/520),Raw Data (485/520),Raw Data (485/520),Raw Data (485/520),Raw Data (485/520),Raw Data (485/520),Raw Data (485/520),Raw Data (485/520),Raw Data (485/520),Raw Data (485/520),Raw Data (485/520),Raw Data (485/520),Raw Data (485/520),Raw Data (485/520),Raw Data (485/520),Raw Data (485/520),Raw Data (485/520),Raw Data (485/520),Raw Data (485/520),Raw Data (485/520),Raw Data (485/520),Raw Data (485/520),Raw Data (485/520),Raw Data (485/520),Raw Data (485/520),Raw Data (485/520),Raw Data (485/520),Raw Data (485/520),Raw Data (485/520),Raw Data (485/520),Raw Data (485/520),Raw Data (485/520),Raw Data (485/520),Raw Data (485/520),Raw Data (485/520),Raw Data (485/520),Raw Data (485/520),Raw Data (485/520),Raw Data (485/520),Raw Data (485/520),Raw Data (485/520),Raw Data (485/520),Raw Data (485/520),Raw Data (485/520),Raw Data (485/520),Raw Data (485/520),Raw Data (485/520),Raw Data (485/520),Raw Data (485/520),Raw Data (485/520),Raw Data (485/520),Raw Data (485/520),Raw Data (485/520),Raw Data (485/520),Raw Data (485/520),Raw Data (485/520),Raw Data (485/520),Raw Data (485/520),Raw Data (485/520),Raw Data (485/520),Raw Data (485/520),Raw Data (485/520),Raw Data (485/520),Raw Data (485/520),Raw Data (485/520),Raw Data (485/520),Raw Data (485/520),Raw Data (485/520),Raw Data (485/520),Raw Data (485/520),Raw Data (485/520),Raw Data (485/520),Raw Data (485/520),Raw Data (485/520),Raw Data (485/520),Raw Data (485/520),Raw Data (485/520),Raw Data (485/520),Raw Data (485/520),Raw Data (485/520),Raw Data (485/520),Raw Data (485/520),Raw Data (485/520),Raw Data (485/520),Raw Data (485/520),Raw Data (485/520),Raw Data (485/520),Raw Data (485/520),Raw Data (485/520),Raw Data (485/520),Raw Data (485/520),Raw Data (485/520),Raw Data (485/520),Raw Data (485/520),Raw Data (485/520),Raw Data (485/520),Raw Data (485/520),Raw Data (485/520),Raw Data (485/520),Raw Data (485/520),Raw Data (485/520),Raw Data (485/520),Raw Data (485/520),Raw Data (485/520),Raw Data (485/520),Raw Data (485/520),Raw Data (485/520),Raw Data (485/520),Raw Data (485/520),Raw Data (485/520),Raw Data (485/520),Raw Data (485/520),Raw Data (485/520),Raw Data (485/520),Raw Data (485/520),Raw Data (485/520),Raw Data (485/520),Raw Data (485/520),Raw Data (485/520),Raw Data (485/520),Raw Data (485/520),Raw Data (485/520),Raw Data (485/520),Raw Data (485/520),Raw Data (485/520),Raw Data (485/520),Raw Data (485/520),Raw Data (485/520),Raw Data (485/520),Raw Data (485/520),Raw Data (485/520),Raw Data (485/520),Raw Data (485/520),Raw Data (485/520),Raw Data (485/520),Raw Data (485/520),Raw Data (485/520),Raw Data (485/520),Raw Data (485/520),Raw Data (485/520),Raw Data (485/520),Raw Data (485/520),Raw Data (485/520),Raw Data (485/520),Raw Data (485/520),Raw Data (485/520),Raw Data (485/520),Raw Data (485/520),Raw Data (485/520),Raw Data (485/520),Raw Data (485/520),Raw Data (485/520),Raw Data (485/520),Raw Data (485/520),Raw Data (485/520),Raw Data (485/520),Raw Data (485/520),Raw Data (485/520),Raw Data (485/520),Raw Data (485/520),Raw Data (485/520),Raw Data (485/520),Raw Data (485/520),Raw Data (485/520),Raw Data (485/520),Raw Data (485/520),Raw Data (485/520),Raw Data (485/520),Raw Data (485/520),Raw Data (485/520),Raw Data (485/520),Raw Data (485/520),Raw Data (485/520),Raw Data (485/520),Raw Data (485/520),Raw Data (485/520),Raw Data (485/520),Raw Data (485/520),Raw Data (485/520),Raw Data (485/520),Raw Data (485/520),Raw Data (485/520),Raw Data (485/520),Raw Data (485/520),Raw Data (485/520),Raw Data (485/520),Raw Data (485/520),Raw Data (485/520),Raw Data (485/520),Raw Data (485/520),Raw Data (485/520),Raw Data (485/520),Raw Data (485/520),Raw Data (485/520),Raw Data (485/520),Raw Data (485/520),Raw Data (485/520),Raw Data (485/520),Raw Data (485/520),Raw Data (485/520),Raw Data (485/520),Raw Data (485/520),Raw Data (485/520),Raw Data (485/520),Raw Data (485/520),Raw Data (485/520),Raw Data (485/520),Raw Data (485/520),Raw Data (485/520),Raw Data (485/520),Raw Data (485/520),Raw Data (485/520),Raw Data (485/520),Raw Data (485/520),Raw Data (485/520),Raw Data (485/520),Raw Data (485/520),Raw Data (485/520),Raw Data (485/520),Raw Data (485/520),Raw Data (485/520),Raw Data (485/520),Raw Data (485/520),Raw Data (485/520),Raw Data (485/520),Raw Data (485/520),Raw Data (485/520),Raw Data (485/520),Raw Data (485/520),Raw Data (485/520),Raw Data (485/520),Raw Data (485/520),Raw Data (485/520),Raw Data (485/520),Raw Data (485/520),Raw Data (485/520),Raw Data (485/520),Raw Data (485/520),Raw Data (485/520),Raw Data (485/520),Raw Data (485/520),Raw Data (485/520),Raw Data (485/520),Raw Data (485/520),Raw Data (485/520),Raw Data (485/520),Raw Data (485/520),Raw Data (485/520),Raw Data (485/520),Raw Data (485/520),Raw Data (485/520),Raw Data (485/520),Raw Data (485/520),Raw Data (485/520),Raw Data (485/520),Raw Data (485/520),Raw Data (485/520),Raw Data (485/520),Raw Data (485/520),Raw Data (485/520),Raw Data (485/520),Raw Data (485/520),Raw Data (485/520),Raw Data (485/520),Raw Data (485/520),Raw Data (485/520),Raw Data (485/520),Raw Data (485/520),Raw Data (485/520),Raw Data (485/520),Raw Data (485/520),Raw Data (485/520),Raw Data (485/520),Raw Data (485/520),Raw Data (485/520),Raw Data (485/520),Raw Data (485/520),Raw Data (485/520),Raw Data (485/520),Raw Data (485/520),Raw Data (485/520),Raw Data (485/520),Raw Data (485/520),Raw Data (485/520),Raw Data (485/520),Raw Data (485/520),Raw Data (485/520),Raw Data (485/520),Raw Data (485/520),Raw Data (485/520),Raw Data (485/520),Raw Data (485/520),Raw Data (485/520),Raw Data (485/520),Raw Data (485/520),Raw Data (485/520),Raw Data (485/520),Raw Data (485/520),Raw Data (485/520),Raw Data (485/520),Raw Data (485/520),Raw Data (485/520),Raw Data (485/520),Raw Data (485/520),Raw Data (485/520),Raw Data (485/520),Raw Data (485/520),Raw Data (485/520),Raw Data (485/520),Raw Data (485/520),Raw Data (485/520),Raw Data (485/520),Raw Data (485/520),Raw Data (485/520),Raw Data (485/520),Raw Data (485/520),Raw Data (485/520),Raw Data (485/520),Raw Data (485/520),Raw Data (485/520),Raw Data (485/520),Raw Data (485/520),Raw Data (485/520),Raw Data (485/520),Raw Data (485/520),Raw Data (485/520),Raw Data (485/520),Raw Data (485/520),Raw Data (485/520),Raw Data (485/520),Raw Data (485/520),Raw Data (485/520),Raw Data (485/520),Raw Data (485/520),Raw Data (485/520),Raw Data (485/520)
,Time,0 h ,0 h 2 min,0 h 4 min,0 h 6 min,0 h 8 min,0 h 10 min,0 h 12 min,0 h 14 min,0 h 16 min,0 h 18 min,0 h 20 min,0 h 22 min,0 h 24 min,0 h 26 min,0 h 28 min,0 h 30 min,0 h 32 min,0 h 34 min,0 h 36 min,0 h 38 min,0 h 40 min,0 h 42 min,0 h 44 min,0 h 46 min,0 h 48 min,0 h 50 min,0 h 52 min,0 h 54 min,0 h 56 min,0 h 58 min,1 h ,1 h 2 min,1 h 4 min,1 h 6 min,1 h 8 min,1 h 10 min,1 h 12 min,1 h 14 min,1 h 16 min,1 h 18 min,1 h 20 min,1 h 22 min,1 h 24 min,1 h 26 min,1 h 28 min,1 h 30 min,1 h 32 min,1 h 34 min,1 h 36 min,1 h 38 min,1 h 40 min,1 h 42 min,1 h 44 min,1 h 46 min,1 h 48 min,1 h 50 min,1 h 52 min,1 h 54 min,1 h 56 min,1 h 58 min,2 h ,2 h 2 min,2 h 4 min,2 h 6 min,2 h 8 min,2 h 10 min,2 h 12 min,2 h 14 min,2 h 16 min,2 h 18 min,2 h 20 min,2 h 22 min,2 h 24 min,2 h 26 min,2 h 28 min,2 h 30 min,2 h 32 min,2 h 34 min,2 h 36 min,2 h 38 min,2 h 40 min,2 h 42 min,2 h 44 min,2 h 46 min,2 h 48 min,2 h 50 min,2 h 52 min,2 h 54 min,2 h 56 min,2 h 58 min,3 h ,3 h 2 min,3 h 4 min,3 h 6 min,3 h 8 min,3 h 10 min,3 h 12 min,3 h 14 min,3 h 16 min,3 h 18 min,3 h 20 min,3 h 22 min,3 h 24 min,3 h 26 min,3 h 28 min,3 h 30 min,3 h 32 min,3 h 34 min,3 h 36 min,3 h 38 min,3 h 40 min,3 h 42 min,3 h 44 min,3 h 46 min,3 h 48 min,3 h 50 min,3 h 52 min,3 h 54 min,3 h 56 min,3 h 58 min,4 h ,4 h 2 min,4 h 4 min,4 h 6 min,4 h 8 min,4 h 10 min,4 h 12 min,4 h 14 min,4 h 16 min,4 h 18 min,4 h 20 min,4 h 22 min,4 h 24 min,4 h 26 min,4 h 28 min,4 h 30 min,4 h 32 min,4 h 34 min,4 h 36 min,4 h 38 min,4 h 40 min,4 h 42 min,4 h 44 min,4 h 46 min,4 h 48 min,4 h 50 min,4 h 52 min,4 h 54 min,4 h 56 min,4 h 58 min,5 h ,5 h 2 min,5 h 4 min,5 h 6 min,5 h 8 min,5 h 10 min,5 h 12 min,5 h 14 min,5 h 16 min,5 h 18 min,5 h 20 min,5 h 22 min,5 h 24 min,5 h 26 min,5 h 28 min,5 h 30 min,5 h 32 min,5 h 34 min,5 h 36 min,5 h 38 min,5 h 40 min,5 h 42 min,5 h 44 min,5 h 46 min,5 h 48 min,5 h 50 min,5 h 52 min,5 h 54 min,5 h 56 min,5 h 58 min,6 h ,6 h 2 min,6 h 4 min,6 h 6 min,6 h 8 min,6 h 10 min,6 h 12 min,6 h 14 min,6 h 16 min,6 h 18 min,6 h 20 min,6 h 22 min,6 h 24 min,6 h 26 min,6 h 28 min,6 h 30 min,6 h 32 min,6 h 34 min,6 h 36 min,6 h 38 min,6 h 40 min,6 h 42 min,6 h 44 min,6 h 46 min,6 h 48 min,6 h 50 min,6 h 52 min,6 h 54 min,6 h 56 min,6 h 58 min,7 h ,7 h 2 min,7 h 4 min,7 h 6 min,7 h 8 min,7 h 10 min,7 h 12 min,7 h 14 min,7 h 16 min,7 h 18 min,7 h 20 min,7 h 22 min,7 h 24 min,7 h 26 min,7 h 28 min,7 h 30 min,7 h 32 min,7 h 34 min,7 h 36 min,7 h 38 min,7 h 40 min,7 h 42 min,7 h 44 min,7 h 46 min,7 h 48 min,7 h 50 min,7 h 52 min,7 h 54 min,7 h 56 min,7 h 58 min,8 h ,8 h 2 min,8 h 4 min,8 h 6 min,8 h 8 min,8 h 10 min,8 h 12 min,8 h 14 min,8 h 16 min,8 h 18 min,8 h 20 min,8 h 22 min,8 h 24 min,8 h 26 min,8 h 28 min,8 h 30 min,8 h 32 min,8 h 34 min,8 h 36 min,8 h 38 min,8 h 40 min,8 h 42 min,8 h 44 min,8 h 46 min,8 h 48 min,8 h 50 min,8 h 52 min,8 h 54 min,8 h 56 min,8 h 58 min,9 h ,9 h 2 min,9 h 4 min,9 h 6 min,9 h 8 min,9 h 10 min,9 h 12 min,9 h 14 min,9 h 16 min,9 h 18 min,9 h 20 min,9 h 22 min,9 h 24 min,9 h 26 min,9 h 28 min,9 h 30 min,9 h 32 min,9 h 34 min,9 h 36 min,9 h 38 min,9 h 40 min,9 h 42 min,9 h 44 min,9 h 46 min,9 h 48 min,9 h 50 min,9 h 52 min,9 h 54 min,9 h 56 min,9 h 58 min,10 h ,10 h 2 min,10 h 4 min,10 h 6 min,10 h 8 min,10 h 10 min,10 h 12 min,10 h 14 min,10 h 16 min,10 h 18 min,10 h 20 min,10 h 22 min,10 h 24 min,10 h 26 min,10 h 28 min,10 h 30 min,10 h 32 min,10 h 34 min,10 h 36 min,10 h 38 min,10 h 40 min,10 h 42 min,10 h 44 min,10 h 46 min,10 h 48 min,10 h 50 min,10 h 52 min,10 h 54 min,10 h 56 min,10 h 58 min,11 h ,11 h 2 min,11 h 4 min,11 h 6 min,11 h 8 min,11 h 10 min,11 h 12 min,11 h 14 min,11 h 16 min,11 h 18 min,11 h 20 min,11 h 22 min,11 h 24 min,11 h 26 min,11 h 28 min,11 h 30 min,11 h 32 min,11 h 34 min,11 h 36 min,11 h 38 min,11 h 40 min,11 h 42 min,11 h 44 min,11 h 46 min,11 h 48 min,11 h 50 min,11 h 52 min,11 h 54 min,11 h 56 min,11 h 58 min
J03,Sample X1,73,75,72,71,73,71,71,71,72,70,74,73,74,72,72,73,72,73,73,74,72,72,73,74,73,72,72,73,73,73,74,73,75,72,71,73,74,71,72,72,71,71,71,70,73,71,72,71,72,74,73,73,72,72,75,74,75,74,73,72,76,76,76,75,78,75,75,74,76,78,75,77,75,76,77,76,78,77,77,80,78,78,78,78,78,80,80,82,81,81,82,82,80,82,85,83,84,82,81,83,83,84,84,85,86,86,86,85,85,88,87,87,87,86,88,86,89,86,89,87,88,89,89,90,89,90,90,92,91,92,90,92,92,91,92,95,91,94,92,92,92,91,94,93,93,94,93,93,94,95,94,95,93,93,96,95,96,96,96,97,95,97,96,97,99,96,97,98,97,97,97,96,99,99,98,97,98,99,101,99,97,101,99,99,101,100,98,100,100,100,101,102,101,106,102,102,101,103,103,102,102,105,103,103,103,102,104,105,104,105,106,104,105,104,107,107,106,106,105,106,106,106,108,106,105,108,107,106,106,106,107,108,108,107,108,108,109,108,107,108,109,107,108,109,108,109,108,108,110,109,109,108,111,110,110,111,112,109,111,112,112,111,111,112,111,112,109,113,113,112,112,113,114,114,113,115,112,114,112,112,114,115,112,113,112,113,111,112,113,115,111,114,114,112,114,115,113,114,113,116,114,115,114,117,115,116,114,116,118,114,116,114,117,116,116,114,114,115,116,117,116,116,117,116,117,117,116,116,117,115,117,115,116,117,115,117,117,116,118,118,116,118,119,120,117,119,117,119,121,119,118,120,121,120,118,117,117,119,120,118
J05,Sample X2,76,77,73,74,73,73,75,73,74,71,73,74,73,74,73,72,76,72,75,76,74,75,78,73,76,74,74,74,73,75,73,75,76,75,75,75,76,71,75,76,74,73,76,72,73,73,75,73,74,75,74,74,74,73,73,74,75,73,75,75,74,76,74,76,75,77,76,76,75,77,77,78,76,76,76,78,76,79,78,77,78,78,76,78,78,79,77,80,77,81,81,81,79,81,81,80,79,80,81,82,82,80,83,82,83,79,82,82,81,82,81,82,82,83,83,84,84,83,84,84,85,84,83,85,84,84,83,87,84,86,86,87,83,87,86,85,87,85,86,89,86,87,86,86,87,87,87,88,87,87,89,88,86,88,90,89,90,88,90,89,90,90,89,89,90,88,90,90,88,91,91,91,90,90,90,91,89,90,90,92,91,91,94,90,91,94,91,93,92,92,93,93,93,92,94,93,94,92,95,93,93,93,94,95,93,94,93,94,94,97,96,95,95,94,96,97,96,97,97,96,96,97,97,97,95,95,97,97,97,97,97,97,96,99,98,96,98,96,99,97,99,98,99,98,99,99,99,98,101,100,97,99,100,100,99,100,102,101,99,100,99,99,101,101,98,99,101,102,102,99,101,102,102,102,102,100,101,104,102,102,102,102,100,99,102,100,100,104,100,101,103,103,102,103,103,101,102,103,102,103,104,104,103,104,104,104,105,104,105,104,102,104,106,103,103,103,105,105,106,106,105,105,104,105,104,105,106,107,105,106,104,106,105,106,106,104,105,106,106,106,107,108,106,105,108,107,108,106,108,109,106,108,108,109,105,108,107,106,109,109
J07,Sample X3,75,78,75,75,76,75,77,75,75,74,77,74,76,74,78,74,76,74,74,76,75,76,78,75,75,76,74,74,75,75,75,76,76,77,75,74,72,77,73,75,74,75,73,74,74,76,75,75,72,74,74,76,73,75,74,74,78,75,77,77,76,77,76,77,76,77,77,77,77,78,76,79,77,78,77,79,79,78,80,80,77,78,77,78,78,81,78,80,80,81,80,81,81,81,82,83,81,84,84,83,83,84,83,84,84,84,85,85,86,85,86,85,86,85,84,86,88,86,86,87,88,88,87,86,87,87,86,89,89,89,87,88,88,88,88,89,88,88,90,90,90,91,91,91,89,90,92,90,91,90,89,90,91,90,90,92,91,90,93,91,91,95,91,91,92,93,96,92,93,91,94,93,93,95,95,93,93,94,94,95,93,94,95,96,95,95,95,96,94,96,97,96,97,96,96,97,97,95,96,94,98,97,98,96,101,97,99,98,97,98,99,96,99,98,99,99,98,98,100,98,99,98,99,98,99,100,101,99,99,99,99,100,102,101,99,99,99,102,101,100,101,102,102,100,102,100,103,101,101,102,99,101,102,101,102,103,102,103,102,102,103,102,101,103,103,101,103,105,102,103,104,104,104,102,103,104,103,103,105,103,105,106,105,104,105,103,104,105,104,106,103,105,104,103,106,106,104,103,105,105,106,107,106,105,106,105,104,106,106,106,107,104,106,106,105,106,105,108,107,107,105,105,106,104,105,106,105,106,106,108,109,106,105,106,105,106,106,106,105,108,107,107,106,108,106,107,107,107,109,107,106,107,107,108,105,108,107,108,106,108
J09,Sample X4,74,73,74,72,72,72,75,73,73,73,73,73,73,73,73,74,73,76,74,73,73,74,72,72,73,73,73,72,71,73,73,73,74,74,72,73,69,74,71,74,72,73,71,71,72,73,72,74,72,72,72,72,71,72,72,72,74,74,75,74,75,76,75,74,75,77,75,73,75,77,75,77,75,75,76,76,77,77,76,79,77,78,78,78,78,78,79,77,80,79,79,79,78,80,81,81,80,81,82,81,82,83,84,82,84,84,82,83,83,86,85,86,86,86,85,86,85,86,87,87,89,88,88,87,87,88,88,88,91,90,88,88,91,90,89,89,88,91,90,88,89,89,88,89,89,91,90,92,90,92,92,91,91,90,91,93,94,91,90,90,94,92,91,91,94,91,94,93,94,92,93,93,94,95,94,93,94,94,96,98,98,95,95,93,97,96,94,95,94,96,97,96,95,96,97,97,97,97,97,97,97,97,98,99,98,99,98,98,97,98,97,98,99,99,97,99,99,99,99,98,101,100,100,99,99,100,101,99,100,101,99,101,100,101,103,101,101,101,101,101,102,101,102,102,101,102,101,101,102,103,102,102,103,102,102,103,103,103,102,102,104,103,102,104,102,104,104,104,103,104,105,102,103,103,103,103,104,103,105,106,105,104,104,103,104,104,107,104,105,105,104,105,105,105,106,104,105,107,105,106,106,105,105,106,107,104,107,104,106,107,106,106,107,108,107,109,107,105,107,108,106,106,109,107,106,107,106,108,109,107,107,107,108,109,105,108,106,108,109,109,107,107,107,107,109,109,108,108,111,109,110,110,109,108,109,108,108,110,109,108
J11,Sample X5,72,73,73,73,71,72,71,72,71,71,74,70,72,72,72,71,72,72,72,71,71,74,70,72,72,73,73,73,73,72,72,73,74,73,72,72,72,74,73,71,73,72,73,72,71,73,71,71,71,73,72,71,73,73,72,73,73,72,73,73,74,73,75,74,74,73,75,73,73,73,75,74,74,75,75,75,76,76,75,77,75,76,77,77,77,76,77,79,79,78,79,79,77,82,80,79,81,79,80,81,82,81,84,82,82,80,82,82,83,84,83,82,83,84,83,85,84,86,86,85,85,87,87,86,87,85,87,88,86,85,89,87,88,88,89,89,88,87,89,89,88,87,90,88,88,90,88,89,88,90,90,89,88,88,90,88,91,91,91,89,90,90,92,90,91,91,93,92,93,90,93,90,90,93,94,92,93,92,94,94,93,92,93,91,94,95,94,93,92,94,93,95,95,95,95,95,95,95,96,93,95,96,94,95,97,96,97,96,98,96,97,97,98,97,97,97,98,97,96,96,97,96,98,98,99,98,95,100,97,97,97,98,100,99,101,98,101,99,99,100,100,98,100,100,100,99,100,100,100,100,99,101,102,100,101,101,101,100,100,103,100,101,102,102,102,101,102,100,103,99,103,101,103,103,101,102,100,101,102,101,103,102,101,102,102,102,102,103,103,101,103,106,102,102,103,102,103,104,103,103,104,105,105,102,104,104,104,104,105,104,103,104,103,104,104,104,103,106,105,104,104,106,104,105,104,104,105,105,106,105,104,105,105,105,106,104,104,106,104,103,105,105,105,106,105,105,104,104,107,106,105,107,107,104,107,106,105,107,108,106
J13,Sample X6,76,79,74,73,75,75,74,74,73,74,72,72,73,73,74,73,74,76,75,75,76,77,76,76,74,75,73,75,75,74,75,77,77,76,74,76,74,76,77,74,75,74,75,74,77,75,75,75,75,77,76,78,77,77,79,78,79,78,79,81,81,81,80,81,80,81,82,83,83,84,83,82,83,84,84,85,85,86,88,88,87,88,88,88,90,92,92,93,95,93,94,95,97,97,100,98,98,99,102,100,100,103,101,103,104,104,104,105,106,106,106,107,107,107,111,110,111,110,110,111,113,112,112,112,112,111,113,115,112,116,116,115,115,117,116,117,116,116,118,116,117,118,120,118,118,121,119,120,119,122,120,118,120,120,118,123,121,121,123,122,125,122,122,123,124,123,125,124,125,123,126,125,126,127,128,125,127,125,127,129,126,128,126,127,129,128,129,132,129,130,131,130,130,130,132,130,131,131,131,129,132,133,132,133,132,134,132,134,134,135,136,132,133,132,133,137,136,135,136,134,137,135,136,134,138,135,138,135,135,138,138,138,137,137,137,138,138,138,138,135,137,137,139,135,140,138,141,138,139,140,139,138,139,141,139,140,141,139,140,140,142,141,141,141,140,142,141,141,142,140,146,141,141,144,143,143,144,143,142,142,141,142,143,142,143,140,143,144,143,144,143,143,143,142,143,143,144,144,144,143,144,145,144,145,145,145,146,143,146,144,144,144,145,145,146,143,146,146,146,146,145,146,145,146,144,145,145,146,146,147,146,143,146,145,146,145,147,148,147,147,146,148,147,148,146,148,146,147,148,148,147,148,149,150,146,147,147,147,148,148
J15,Sample X7,71,71,72,72,69,70,69,71,71,70,70,70,70,73,71,71,72,70,71,71,72,69,72,71,69,71,70,70,73,70,71,72,71,70,71,72,72,73,70,72,70,70,70,71,70,72,72,72,71,73,72,72,71,71,71,71,72,71,73,72,72,72,72,71,73,70,73,71,71,71,72,73,72,71,71,73,72,73,74,74,73,73,72,73,72,72,70,71,73,71,73,74,73,74,73,71,73,73,74,73,73,72,74,75,72,73,73,71,73,74,74,74,71,73,72,72,73,74,74,73,73,74,72,73,73,72,74,75,74,74,74,74,72,75,73,75,75,73,73,75,75,73,74,73,74,74,75,74,74,74,72,74,73,72,73,75,75,73,72,75,74,73,74,72,76,72,74,72,74,74,73,73,73,74,75,73,74,75,76,74,76,75,73,72,75,75,75,76,75,75,74,76,74,74,74,75,75,75,73,75,75,74,75,74,75,76,76,75,73,76,75,75,74,75,75,76,75,74,74,74,75,75,74,73,75,74,75,75,75,76,74,77,76,75,76,75,75,74,77,76,76,77,76,76,74,76,75,75,76,75,74,76,76,77,74,77,76,76,75,74,75,76,75,76,77,76,76,75,74,75,76,76,76,76,76,74,75,75,77,75,76,78,76,75,77,75,74,76,76,77,75,78,74,76,76,76,75,74,78,78,77,76,77,78,76,77,75,75,77,75,77,77,76,76,76,78,76,77,78,76,77,77,76,75,77,77,76,76,77,76,75,77,76,76,79,76,73,76,76,77,76,76,76,77,77,76,78,76,78,75,77,77,76,78,76,76,77,77,77,76
J17,Sample X8,74,75,74,72,72,73,71,73,74,73,73,70,72,74,72,74,73,73,73,71,73,73,73,72,72,73,72,73,72,73,71,73,72,73,74,73,72,70,77,70,70,71,70,72,72,71,71,73,71,73,72,71,72,72,72,73,71,72,73,73,74,73,74,74,72,73,73,73,74,72,74,74,74,73,75,75,73,75,74,75,75,75,75,77,77,74,74,75,78,75,78,75,74,78,76,77,77,76,76,78,78,78,78,80,79,80,78,79,79,81,80,80,78,80,78,81,79,80,81,80,80,80,82,81,80,80,80,84,82,82,83,80,82,83,81,83,81,82,82,82,82,82,81,84,83,83,84,84,82,85,83,85,84,80,83,86,86,86,85,84,85,84,82,86,85,85,86,84,86,83,86,87,86,86,85,85,85,85,87,88,88,85,86,87,90,86,88,90,89,89,87,87,89,91,91,87,88,88,89,89,89,88,88,89,90,90,91,89,89,89,92,90,89,90,89,91,91,90,90,91,91,93,89,88,92,90,91,90,91,91,91,92,92,93,92,92,92,92,91,93,93,92,92,93,93,90,93,93,92,94,92,92,93,92,93,94,94,94,94,93,94,94,94,95,93,94,93,96,93,95,96,96,95,96,93,94,94,94,95,95,95,94,94,93,95,93,96,96,96,95,95,98,94,95,98,94,94,96,96,97,95,96,95,96,96,99,97,97,97,98,98,96,95,96,94,97,97,98,98,97,98,97,95,97,96,99,98,99,100,99,97,97,98,98,96,96,98,99,96,97,98,97,96,99,99,97,97,99,98,97,98,98,99,99,97,99,98,98,99,98
J19,Sample X9,71,71,70,70,70,73,71,71,70,69,70,67,69,69,70,70,70,71,70,70,73,73,72,71,69,71,72,72,70,70,70,71,72,70,71,73,71,69,73,70,70,71,70,71,72,72,72,72,71,72,71,72,71,71,73,72,73,71,73,73,74,74,73,72,72,73,71,72,72,74,71,74,73,72,74,75,71,73,73,73,73,72,73,75,73,76,74,73,71,73,73,75,72,73,75,73,74,72,75,75,73,73,74,74,74,73,75,74,74,74,74,75,73,72,73,73,76,75,74,73,74,73,74,73,74,73,74,74,73,74,75,74,75,75,74,74,74,76,75,73,73,73,73,73,73,74,75,74,73,77,75,74,75,75,74,74,75,75,74,73,76,73,75,75,76,74,76,77,73,75,74,74,76,75,75,75,74,75,74,77,77,75,75,76,76,76,76,76,75,75,73,76,75,75,76,75,74,74,74,76,76,76,77,75,76,72,76,75,75,75,76,75,75,74,76,75,75,77,76,75,74,76,76,74,76,74,76,75,75,74,75,76,76,74,76,76,76,76,75,74,75,76,75,75,78,78,76,75,76,77,75,75,76,75,77,76,75,77,75,78,77,75,76,77,75,76,76,78,76,76,78,76,76,77,76,77,75,76,78,78,75,76,75,75,75,73,77,74,75,77,75,75,75,76,76,76,76,75,77,78,78,77,77,78,76,77,75,76,77,77,76,77,76,76,77,76,77,76,77,77,76,76,76,76,77,77,75,77,77,77,76,75,77,77,76,77,76,77,75,76,77,75,76,77,77,77,75,77,76,77,76,77,79,76,77,76,77,78,77,76
J21,Sample X10,74,73,72,74,73,72,72,71,70,72,71,71,71,74,71,71,74,72,72,73,72,75,73,72,73,74,73,72,73,71,71,73,71,72,71,73,71,70,70,72,71,72,69,72,71,72,70,72,72,73,74,73,71,74,73,70,75,73,73,73,72,75,74,75,75,74,73,73,73,75,74,75,74,72,75,76,73,76,77,73,76,74,75,77,77,77,77,78,77,78,77,77,79,79,81,80,80,78,80,81,80,80,79,81,81,82,79,80,80,81,81,84,83,83,82,82,84,81,84,83,85,85,84,84,84,85,84,87,86,86,86,86,88,86,87,86,87,87,86,87,86,87,87,85,85,88,88,88,86,88,88,88,87,88,88,91,90,91,89,89,89,89,91,89,90,91,91,90,91,89,92,91,91,93,93,91,93,93,91,93,93,95,93,92,93,94,95,95,95,93,94,95,94,97,95,95,96,94,94,97,96,96,96,96,95,97,97,96,97,97,98,96,98,96,97,97,97,98,97,99,98,97,99,100,100,100,100,98,98,98,98,99,102,100,100,99,101,100,100,99,101,100,101,102,102,100,101,100,101,101,102,102,102,102,100,103,101,103,104,103,104,102,104,103,104,102,105,105,103,103,102,103,104,105,104,104,103,106,107,106,103,101,104,103,104,105,103,105,104,105,106,105,105,105,107,105,106,104,106,108,106,108,108,108,108,106,105,105,106,108,105,108,107,107,107,106,107,108,108,108,108,108,108,107,106,108,107,110,108,110,110,108,110,110,108,108,109,108,107,107,110,109,108,108,108,108,111,110,109,110,109,111,111,112,112,112,110,112,111,110
